采集时间,同步时间,设备编号,房间名称,剩余电量,已使用电量
2026-07-04 06:10:27,2026-07-04 13:21:50,11190261518547,8幢1单元1001两室,24.220,20.78
2026-07-04 09:12:37,2026-07-04 16:20:21,11190261518547,8幢1单元1001两室,24.190,20.81
2026-07-04 11:16:07,2026-07-04 18:19:22,11190261518547,8幢1单元1001两室,24.170,20.83
2026-07-04 11:33:29,2026-07-04 19:18:53,11190261518547,8幢1单元1001两室,24.160,20.84
2026-07-04 12:50:22,2026-07-04 20:35:08,11190261518547,8幢1单元1001两室,24.160,20.84
2026-07-04 14:24:38,2026-07-04 21:29:41,11190261518547,8幢1单元1001两室,24.150,20.85
2026-07-04 15:39:59,2026-07-04 23:28:42,11190261518547,8幢1单元1001两室,24.140,20.86
2026-07-04 16:56:38,2026-07-05 00:28:12,11190261518547,8幢1单元1001两室,24.130,20.87
2026-07-04 18:00:22,2026-07-05 01:27:43,11190261518547,8幢1单元1001两室,24.130,20.87
2026-07-04 19:43:35,2026-07-05 03:26:43,11190261518547,8幢1单元1001两室,24.110,20.89
2026-07-04 20:47:25,2026-07-05 04:26:14,11190261518547,8幢1单元1001两室,24.110,20.89
2026-07-04 21:52:05,2026-07-05 05:25:44,11190261518547,8幢1单元1001两室,24.100,20.90
2026-07-04 22:51:50,2026-07-05 06:25:15,11190261518547,8幢1单元1001两室,24.100,20.90
2026-07-04 23:55:50,2026-07-05 07:24:45,11190261518547,8幢1单元1001两室,24.090,20.91
2026-07-05 02:36:17,2026-07-05 10:23:17,11190261518547,8幢1单元1001两室,24.070,20.93
2026-07-05 06:34:11,2026-07-05 14:21:19,11190261518547,8幢1单元1001两室,22.630,22.37
2026-07-05 09:37:40,2026-07-05 17:19:50,11190261518547,8幢1单元1001两室,21.780,23.22
2026-07-05 11:25:33,2026-07-05 19:18:51,11190261518547,8幢1单元1001两室,21.750,23.25
2026-07-05 12:47:03,2026-07-05 20:18:21,11190261518547,8幢1单元1001两室,21.740,23.26
2026-07-05 14:26:38,2026-07-05 22:17:22,11190261518547,8幢1单元1001两室,21.730,23.27
2026-07-05 15:46:01,2026-07-05 23:16:53,11190261518547,8幢1单元1001两室,21.730,23.27
2026-07-05 17:00:40,2026-07-06 00:16:23,11190261518547,8幢1单元1001两室,21.720,23.28
2026-07-05 18:35:15,2026-07-06 02:15:24,11190261518547,8幢1单元1001两室,21.710,23.29
2026-07-05 20:09:03,2026-07-06 03:14:55,11190261518547,8幢1单元1001两室,21.700,23.30
2026-07-05 21:32:31,2026-07-06 05:13:56,11190261518547,8幢1单元1001两室,21.690,23.31
2026-07-05 22:56:17,2026-07-06 06:13:26,11190261518547,8幢1单元1001两室,21.680,23.32
2026-07-06 00:02:21,2026-07-06 07:12:56,11190261518547,8幢1单元1001两室,21.680,23.32
2026-07-06 04:48:55,2026-07-06 12:10:29,11190261518547,8幢1单元1001两室,21.650,23.35
2026-07-06 08:07:28,2026-07-06 15:09:00,11190261518547,8幢1单元1001两室,21.630,23.37
2026-07-06 08:56:24,2026-07-06 16:08:31,11190261518547,8幢1单元1001两室,21.620,23.38
2026-07-06 12:43:13,2026-07-06 20:40:01,11190261518547,8幢1单元1001两室,21.570,23.43
2026-07-06 16:15:05,2026-07-06 23:38:33,11190261518547,8幢1单元1001两室,20.720,24.28
2026-07-06 18:24:25,2026-07-07 01:37:34,11190261518547,8幢1单元1001两室,20.410,24.59
2026-07-06 20:21:05,2026-07-07 03:36:35,11190261518547,8幢1单元1001两室,20.400,24.60
2026-07-06 21:53:48,2026-07-07 05:35:35,11190261518547,8幢1单元1001两室,20.380,24.62
2026-07-06 23:00:50,2026-07-07 06:35:06,11190261518547,8幢1单元1001两室,20.370,24.63
2026-07-07 01:14:28,2026-07-07 08:34:07,11190261518547,8幢1单元1001两室,20.350,24.65
2026-07-07 05:29:52,2026-07-07 12:32:09,11190261518547,8幢1单元1001两室,19.170,25.83
2026-07-07 07:51:02,2026-07-07 15:30:40,11190261518547,8幢1单元1001两室,15.840,29.16
2026-07-07 08:50:48,2026-07-07 16:30:10,11190261518547,8幢1单元1001两室,15.350,29.65
2026-07-07 09:49:46,2026-07-07 17:29:41,11190261518547,8幢1单元1001两室,14.500,30.50
2026-07-07 11:41:21,2026-07-07 19:28:42,11190261518547,8幢1单元1001两室,14.340,30.66
2026-07-07 14:13:55,2026-07-07 21:27:43,11190261518547,8幢1单元1001两室,14.190,30.81
2026-07-07 16:44:08,2026-07-08 00:26:14,11190261518547,8幢1单元1001两室,12.960,32.04
2026-07-07 18:56:44,2026-07-08 02:25:15,11190261518547,8幢1单元1001两室,11.210,33.79
2026-07-07 20:48:14,2026-07-08 04:24:16,11190261518547,8幢1单元1001两室,10.470,34.53
2026-07-07 22:06:57,2026-07-08 05:23:47,11190261518547,8幢1单元1001两室,10.100,34.90
2026-07-07 23:28:03,2026-07-08 07:22:48,11190261518547,8幢1单元1001两室,9.950,35.05
2026-07-08 00:59:54,2026-07-08 08:22:18,11190261518547,8幢1单元1001两室,9.870,35.13
2026-07-08 03:18:10,2026-07-08 10:21:19,11190261518547,8幢1单元1001两室,9.710,35.29
2026-07-08 04:18:39,2026-07-08 11:20:49,11190261518547,8幢1单元1001两室,9.640,35.36
2026-07-08 06:44:13,2026-07-08 14:19:21,11190261518547,8幢1单元1001两室,8.160,36.84
2026-07-08 09:22:34,2026-07-08 17:17:52,11190261518547,8幢1单元1001两室,6.820,38.18
2026-07-08 11:21:19,2026-07-08 19:16:53,11190261518547,8幢1单元1001两室,6.640,38.36
2026-07-08 12:58:38,2026-07-08 20:15:10,11190261518547,8幢1单元1001两室,6.560,38.44
2026-07-08 15:23:54,2026-07-08 23:13:41,11190261518547,8幢1单元1001两室,6.300,38.70
2026-07-08 16:55:42,2026-07-09 00:13:11,11190261518547,8幢1单元1001两室,6.240,38.76
2026-07-08 18:14:39,2026-07-09 02:12:12,11190261518547,8幢1单元1001两室,6.120,38.88
2026-07-08 20:01:04,2026-07-09 03:11:43,11190261518547,8幢1单元1001两室,6.060,38.94
2026-07-08 21:38:44,2026-07-09 05:10:44,11190261518547,8幢1单元1001两室,5.950,39.05
2026-07-08 22:58:08,2026-07-09 06:10:14,11190261518547,8幢1单元1001两室,5.900,39.10
2026-07-09 00:11:28,2026-07-09 08:04:18,11190261518547,8幢1单元1001两室,5.800,39.20
2026-07-09 03:16:00,2026-07-09 11:02:49,11190261518547,8幢1单元1001两室,4.030,40.97
2026-07-09 04:37:58,2026-07-09 12:02:19,11190261518547,8幢1单元1001两室,2.850,42.15
2026-07-09 05:50:13,2026-07-09 13:01:50,11190261518547,8幢1单元1001两室,1.650,43.35
2026-07-09 07:59:54,2026-07-09 15:00:51,11190261518547,8幢1单元1001两室,0.880,44.12
2026-07-09 11:15:52,2026-07-09 18:58:53,11190261518547,8幢1单元1001两室,24.890,45.11
2026-07-09 14:02:26,2026-07-09 21:49:21,11190261518547,8幢1单元1001两室,24.740,45.26
2026-07-09 16:59:46,2026-07-10 00:47:52,11190261518547,8幢1单元1001两室,24.580,45.42
2026-07-09 18:52:24,2026-07-10 02:46:53,11190261518547,8幢1单元1001两室,24.480,45.52
2026-07-09 20:43:07,2026-07-10 03:46:24,11190261518547,8幢1单元1001两室,24.420,45.58
2026-07-09 22:16:12,2026-07-10 05:45:25,11190261518547,8幢1单元1001两室,24.270,45.73
2026-07-09 23:44:03,2026-07-10 06:44:55,11190261518547,8幢1单元1001两室,23.160,46.84
2026-07-10 02:14:20,2026-07-10 09:43:26,11190261518547,8幢1单元1001两室,21.410,48.59
2026-07-10 06:24:40,2026-07-10 13:41:28,11190261518547,8幢1单元1001两室,19.250,50.75
2026-07-10 09:58:35,2026-07-10 17:39:30,11190261518547,8幢1单元1001两室,17.240,52.76
2026-07-10 12:26:52,2026-07-10 19:50:18,11190261518547,8幢1单元1001两室,16.920,53.08
2026-07-10 15:10:58,2026-07-10 22:37:03,11190261518547,8幢1单元1001两室,16.710,53.29
2026-07-10 17:15:45,2026-07-11 00:36:03,11190261518547,8幢1单元1001两室,16.600,53.40
2026-07-10 18:56:40,2026-07-11 02:35:04,11190261518547,8幢1单元1001两室,16.470,53.53
2026-07-10 20:20:20,2026-07-11 03:34:35,11190261518547,8幢1单元1001两室,16.400,53.60
2026-07-10 21:33:03,2026-07-11 04:34:05,11190261518547,8幢1单元1001两室,15.740,54.26
2026-07-10 22:54:40,2026-07-11 06:33:06,11190261518547,8幢1单元1001两室,15.010,54.99
2026-07-10 23:53:28,2026-07-11 07:32:37,11190261518547,8幢1单元1001两室,14.970,55.03
2026-07-11 01:59:33,2026-07-11 09:31:38,11190261518547,8幢1单元1001两室,14.850,55.15
2026-07-11 05:17:54,2026-07-11 12:30:09,11190261518547,8幢1单元1001两室,14.700,55.30
2026-07-11 07:22:50,2026-07-11 14:29:10,11190261518547,8幢1单元1001两室,14.240,55.76
2026-07-11 09:05:56,2026-07-11 16:28:11,11190261518547,8幢1单元1001两室,13.480,56.52
2026-07-11 10:39:54,2026-07-11 18:27:12,11190261518547,8幢1单元1001两室,13.380,56.62
2026-07-11 11:46:51,2026-07-11 19:26:43,11190261518547,8幢1单元1001两室,13.320,56.68
2026-07-11 13:02:53,2026-07-11 20:26:13,11190261518547,8幢1单元1001两室,13.270,56.73
2026-07-11 14:34:11,2026-07-11 22:25:14,11190261518547,8幢1单元1001两室,13.160,56.84
2026-07-11 15:48:00,2026-07-11 23:24:44,11190261518547,8幢1单元1001两室,13.100,56.90
2026-07-11 16:46:58,2026-07-12 00:24:15,11190261518547,8幢1单元1001两室,13.050,56.95
2026-07-11 17:49:22,2026-07-12 01:23:45,11190261518547,8幢1单元1001两室,12.990,57.01
2026-07-11 18:51:21,2026-07-12 02:23:16,11190261518547,8幢1单元1001两室,12.930,57.07
2026-07-11 20:01:45,2026-07-12 03:22:46,11190261518547,8幢1单元1001两室,12.870,57.13
2026-07-11 21:12:53,2026-07-12 04:22:17,11190261518547,8幢1单元1001两室,12.810,57.19
2026-07-11 22:12:19,2026-07-12 05:21:47,11190261518547,8幢1单元1001两室,12.760,57.24
2026-07-11 23:23:08,2026-07-12 07:20:48,11190261518547,8幢1单元1001两室,12.630,57.37
2026-07-12 01:02:22,2026-07-12 08:20:19,11190261518547,8幢1单元1001两室,12.560,57.44
2026-07-12 04:48:08,2026-07-12 12:18:21,11190261518547,8幢1单元1001两室,11.320,58.68
2026-07-12 07:25:25,2026-07-12 15:16:52,11190261518547,8幢1单元1001两室,10.630,59.37
2026-07-12 09:25:08,2026-07-12 17:15:53,11190261518547,8幢1单元1001两室,10.520,59.48
2026-07-12 10:51:40,2026-07-12 18:15:23,11190261518547,8幢1单元1001两室,10.450,59.55
2026-07-12 11:53:24,2026-07-12 19:50:14,11190261518547,8幢1单元1001两室,10.360,59.64
2026-07-12 13:03:31,2026-07-12 20:14:24,11190261518547,8幢1单元1001两室,10.350,59.65
2026-07-12 14:39:51,2026-07-12 22:13:25,11190261518547,8幢1单元1001两室,10.250,59.75
2026-07-12 15:53:09,2026-07-12 23:12:56,11190261518547,8幢1单元1001两室,10.180,59.82
2026-07-12 16:52:02,2026-07-13 00:12:26,11190261518547,8幢1单元1001两室,10.140,59.86
2026-07-12 17:54:51,2026-07-13 01:11:57,11190261518547,8幢1单元1001两室,10.080,59.92
2026-07-12 18:55:42,2026-07-13 02:11:27,11190261518547,8幢1单元1001两室,10.000,60.00
2026-07-12 20:04:17,2026-07-13 03:10:58,11190261518547,8幢1单元1001两室,9.920,60.08
2026-07-12 21:13:27,2026-07-13 05:09:59,11190261518547,8幢1单元1001两室,9.170,60.83
2026-07-12 22:13:07,2026-07-13 06:09:29,11190261518547,8幢1单元1001两室,8.450,61.55
2026-07-12 23:23:36,2026-07-13 07:09:00,11190261518547,8幢1单元1001两室,8.370,61.63
2026-07-13 01:03:04,2026-07-13 08:08:30,11190261518547,8幢1单元1001两室,8.290,61.71
2026-07-13 04:55:09,2026-07-13 12:06:32,11190261518547,8幢1单元1001两室,8.000,62.00
2026-07-13 08:12:05,2026-07-13 16:04:34,11190261518547,8幢1单元1001两室,7.770,62.23
2026-07-13 11:36:20,2026-07-13 19:03:05,11190261518547,8幢1单元1001两室,7.600,62.40
2026-07-13 14:16:40,2026-07-13 22:14:01,11190261518547,8幢1单元1001两室,7.430,62.57
2026-07-13 16:54:10,2026-07-14 00:13:02,11190261518547,8幢1单元1001两室,7.320,62.68
2026-07-13 18:28:10,2026-07-14 02:12:03,11190261518547,8幢1单元1001两室,7.180,62.82
2026-07-13 19:58:48,2026-07-14 03:11:33,11190261518547,8幢1单元1001两室,6.640,63.36
2026-07-13 20:58:47,2026-07-14 04:11:04,11190261518547,8幢1单元1001两室,5.620,64.38
2026-07-13 21:59:27,2026-07-14 05:10:34,11190261518547,8幢1单元1001两室,5.570,64.43
2026-07-13 22:58:32,2026-07-14 06:10:05,11190261518547,8幢1单元1001两室,5.510,64.49
2026-07-13 23:55:44,2026-07-14 07:09:35,11190261518547,8幢1单元1001两室,5.460,64.54
2026-07-14 01:57:14,2026-07-14 09:08:36,11190261518547,8幢1单元1001两室,5.350,64.65
2026-07-14 04:50:32,2026-07-14 12:07:08,11190261518547,8幢1单元1001两室,3.140,66.86
2026-07-14 07:06:43,2026-07-14 15:05:39,11190261518547,8幢1单元1001两室,0.000,70.00
2026-07-14 09:22:24,2026-07-14 17:04:40,11190261518547,8幢1单元1001两室,0.000,70.00
2026-07-14 11:03:46,2026-07-14 18:58:44,11190261518547,8幢1单元1001两室,0.000,70.00
2026-07-14 12:46:03,2026-07-14 19:58:14,11190261518547,8幢1单元1001两室,0.000,70.00
2026-07-14 14:44:09,2026-07-14 21:57:15,11190261518547,8幢1单元1001两室,24.940,70.06
2026-07-14 16:09:47,2026-07-14 23:56:16,11190261518547,8幢1单元1001两室,24.540,70.46
2026-07-14 17:39:19,2026-07-15 00:55:47,11190261518547,8幢1单元1001两室,23.640,71.36
2026-07-14 19:07:52,2026-07-15 02:54:47,11190261518547,8幢1单元1001两室,23.470,71.53
2026-07-14 20:35:56,2026-07-15 03:54:18,11190261518547,8幢1单元1001两室,22.810,72.19
2026-07-14 21:51:55,2026-07-15 04:53:48,11190261518547,8幢1单元1001两室,22.160,72.84
2026-07-14 22:51:38,2026-07-15 05:53:19,11190261518547,8幢1单元1001两室,22.110,72.89
2026-07-14 23:44:43,2026-07-15 06:52:49,11190261518547,8幢1单元1001两室,22.040,72.96
2026-07-15 01:47:42,2026-07-15 08:51:50,11190261518547,8幢1单元1001两室,21.870,73.13
2026-07-15 04:45:23,2026-07-15 11:50:22,11190261518547,8幢1单元1001两室,21.580,73.42
2026-07-15 07:09:41,2026-07-15 14:48:53,11190261518547,8幢1单元1001两室,20.090,74.91
2026-07-15 09:27:26,2026-07-15 16:47:54,11190261518547,8幢1单元1001两室,143.850,76.15
2026-07-15 11:08:46,2026-07-15 18:46:55,11190261518547,8幢1单元1001两室,143.690,76.31
2026-07-15 12:49:31,2026-07-15 19:50:08,11190261518547,8幢1单元1001两室,143.610,76.39
2026-07-15 14:43:33,2026-07-15 21:49:09,11190261518547,8幢1单元1001两室,143.450,76.55
2026-07-15 16:15:04,2026-07-15 23:48:10,11190261518547,8幢1单元1001两室,143.290,76.71
2026-07-15 17:44:40,2026-07-16 00:47:41,11190261518547,8幢1单元1001两室,143.220,76.78
2026-07-15 18:59:59,2026-07-16 02:46:42,11190261518547,8幢1单元1001两室,143.070,76.93
2026-07-15 20:15:18,2026-07-16 03:46:12,11190261518547,8幢1单元1001两室,142.450,77.55
2026-07-15 21:28:25,2026-07-16 04:45:43,11190261518547,8幢1单元1001两室,141.310,78.69
2026-07-15 22:30:18,2026-07-16 05:45:13,11190261518547,8幢1单元1001两室,140.210,79.79
2026-07-15 23:53:06,2026-07-16 07:44:14,11190261518547,8幢1单元1001两室,138.070,81.93
2026-07-16 01:57:56,2026-07-16 09:43:15,11190261518547,8幢1单元1001两室,135.830,84.17
2026-07-16 05:11:32,2026-07-16 12:36:49,11190261518547,8幢1单元1001两室,134.760,85.24
2026-07-16 07:34:26,2026-07-16 14:35:50,11190261518547,8幢1单元1001两室,134.610,85.39
2026-07-16 10:01:53,2026-07-16 17:34:21,11190261518547,8幢1单元1001两室,132.610,87.39
2026-07-16 11:57:56,2026-07-16 19:50:06,11190261518547,8幢1单元1001两室,129.850,90.15
2026-07-16 13:51:23,2026-07-16 21:32:23,11190261518547,8幢1单元1001两室,127.780,92.22
2026-07-16 15:28:10,2026-07-16 22:31:53,11190261518547,8幢1单元1001两室,126.640,93.36
2026-07-16 16:49:12,2026-07-17 00:30:54,11190261518547,8幢1单元1001两室,124.310,95.69
2026-07-16 18:00:08,2026-07-17 01:30:25,11190261518547,8幢1单元1001两室,123.150,96.85
2026-07-16 19:21:57,2026-07-17 02:29:55,11190261518547,8幢1单元1001两室,122.010,97.99
2026-07-16 20:25:06,2026-07-17 03:29:26,11190261518547,8幢1单元1001两室,120.870,99.13
2026-07-16 21:30:55,2026-07-17 05:28:27,11190261518547,8幢1单元1001两室,119.600,100.40
2026-07-16 22:51:47,2026-07-17 06:27:57,11190261518547,8幢1单元1001两室,119.520,100.48
2026-07-16 23:53:04,2026-07-17 07:27:28,11190261518547,8幢1单元1001两室,119.450,100.55
2026-07-17 02:01:51,2026-07-17 09:26:29,11190261518547,8幢1单元1001两室,119.310,100.69
2026-07-17 05:25:50,2026-07-17 13:24:30,11190261518547,8幢1单元1001两室,118.850,101.15
2026-07-17 07:32:31,2026-07-17 15:18:34,11190261518547,8幢1单元1001两室,117.330,102.67
2026-07-17 09:50:43,2026-07-17 17:17:35,11190261518547,8幢1单元1001两室,116.390,103.61
2026-07-17 11:17:28,2026-07-17 19:16:36,11190261518547,8幢1单元1001两室,115.980,104.02
2026-07-17 12:40:41,2026-07-17 20:04:57,11190261518547,8幢1单元1001两室,115.920,104.08
2026-07-17 14:27:12,2026-07-17 22:03:58,11190261518547,8幢1单元1001两室,115.770,104.23
2026-07-17 15:55:11,2026-07-17 23:03:29,11190261518547,8幢1单元1001两室,115.580,104.42
2026-07-17 17:05:00,2026-07-18 01:02:29,11190261518547,8幢1单元1001两室,114.550,105.45
2026-07-17 18:32:30,2026-07-18 02:02:00,11190261518547,8幢1单元1001两室,113.970,106.03
2026-07-17 20:01:00,2026-07-18 04:01:01,11190261518547,8幢1单元1001两室,112.860,107.14
2026-07-17 21:13:07,2026-07-18 05:00:31,11190261518547,8幢1单元1001两室,112.320,107.68
2026-07-17 22:11:59,2026-07-18 06:00:02,11190261518547,8幢1单元1001两室,111.770,108.23
2026-07-17 23:14:17,2026-07-18 06:59:32,11190261518547,8幢1单元1001两室,111.220,108.78
2026-07-18 00:52:42,2026-07-18 07:59:03,11190261518547,8幢1单元1001两室,110.730,109.27
2026-07-18 03:50:28,2026-07-18 10:57:34,11190261518547,8幢1单元1001两室,110.500,109.50
2026-07-18 05:59:15,2026-07-18 13:56:05,11190261518547,8幢1单元1001两室,108.230,111.77
2026-07-18 07:58:15,2026-07-18 15:55:06,11190261518547,8幢1单元1001两室,107.910,112.09
2026-07-18 09:27:01,2026-07-18 16:54:37,11190261518547,8幢1单元1001两室,107.310,112.69
2026-07-18 10:46:11,2026-07-18 17:54:07,11190261518547,8幢1单元1001两室,106.200,113.80
2026-07-18 11:48:27,2026-07-18 18:53:38,11190261518547,8幢1单元1001两室,105.010,114.99
2026-07-18 12:58:26,2026-07-18 20:47:41,11190261518547,8幢1单元1001两室,103.000,117.00
2026-07-18 14:20:43,2026-07-18 21:47:12,11190261518547,8幢1单元1001两室,102.850,117.15
2026-07-18 15:28:11,2026-07-18 22:46:42,11190261518547,8幢1单元1001两室,101.740,118.26
2026-07-18 16:26:48,2026-07-18 23:46:13,11190261518547,8幢1单元1001两室,101.300,118.70
2026-07-18 17:29:22,2026-07-19 00:45:43,11190261518547,8幢1单元1001两室,101.230,118.77
2026-07-18 18:28:51,2026-07-19 01:45:14,11190261518547,8幢1单元1001两室,101.120,118.88
2026-07-18 19:42:23,2026-07-19 02:44:44,11190261518547,8幢1单元1001两室,101.050,118.95
2026-07-18 20:39:16,2026-07-19 03:44:15,11190261518547,8幢1单元1001两室,100.980,119.02
2026-07-18 21:42:50,2026-07-19 04:43:45,11190261518547,8幢1单元1001两室,100.900,119.10
2026-07-18 22:41:43,2026-07-19 05:43:15,11190261518547,8幢1单元1001两室,100.790,119.21
2026-07-18 23:45:26,2026-07-19 07:42:16,11190261518547,8幢1单元1001两室,99.420,120.58
2026-07-19 02:01:30,2026-07-19 09:41:17,11190261518547,8幢1单元1001两室,99.270,120.73
2026-07-19 05:35:35,2026-07-19 12:39:49,11190261518547,8幢1单元1001两室,98.860,121.14
2026-07-19 08:04:36,2026-07-19 15:38:20,11190261518547,8幢1单元1001两室,97.740,122.26
2026-07-19 10:05:17,2026-07-19 17:37:21,11190261518547,8幢1单元1001两室,97.590,122.41
2026-07-19 11:34:53,2026-07-19 18:36:52,11190261518547,8幢1单元1001两室,97.490,122.51
2026-07-19 13:01:39,2026-07-19 20:54:29,11190261518547,8幢1单元1001两室,97.290,122.71
2026-07-19 14:36:35,2026-07-19 21:53:59,11190261518547,8幢1单元1001两室,97.220,122.78
2026-07-19 15:51:14,2026-07-19 22:53:30,11190261518547,8幢1单元1001两室,97.150,122.85
2026-07-19 16:50:15,2026-07-19 23:53:00,11190261518547,8幢1单元1001两室,97.070,122.93
2026-07-19 17:52:53,2026-07-20 01:52:01,11190261518547,8幢1单元1001两室,96.320,123.68
2026-07-19 18:57:40,2026-07-20 02:51:31,11190261518547,8幢1单元1001两室,95.540,124.46
2026-07-19 20:04:48,2026-07-20 03:51:02,11190261518547,8幢1单元1001两室,95.140,124.86
2026-07-19 21:13:14,2026-07-20 04:50:32,11190261518547,8幢1单元1001两室,94.830,125.17
2026-07-19 22:22:34,2026-07-20 05:50:03,11190261518547,8幢1单元1001两室,94.620,125.38
2026-07-19 23:26:02,2026-07-20 06:49:33,11190261518547,8幢1单元1001两室,94.360,125.64
2026-07-20 01:02:36,2026-07-20 08:48:34,11190261518547,8幢1单元1001两室,93.840,126.16
2026-07-20 05:01:52,2026-07-20 12:46:36,11190261518547,8幢1单元1001两室,93.540,126.46
2026-07-20 08:22:01,2026-07-20 15:45:07,11190261518547,8幢1单元1001两室,93.300,126.70
2026-07-20 11:19:55,2026-07-20 18:43:39,11190261518547,8幢1单元1001两室,92.090,127.91
2026-07-20 13:23:53,2026-07-20 20:59:24,11190261518547,8幢1单元1001两室,91.910,128.09
2026-07-20 15:26:30,2026-07-20 22:58:25,11190261518547,8幢1单元1001两室,91.040,128.96
2026-07-20 16:53:33,2026-07-20 23:57:56,11190261518547,8幢1单元1001两室,90.850,129.15
2026-07-20 18:49:19,2026-07-21 01:56:57,11190261518547,8幢1单元1001两室,90.630,129.37
2026-07-20 20:16:27,2026-07-21 03:55:58,11190261518547,8幢1单元1001两室,89.610,130.39
2026-07-20 21:39:26,2026-07-21 04:55:28,11190261518547,8幢1单元1001两室,89.310,130.69
2026-07-20 22:52:24,2026-07-21 05:54:58,11190261518547,8幢1单元1001两室,89.210,130.79
2026-07-20 23:51:13,2026-07-21 06:54:29,11190261518547,8幢1单元1001两室,89.140,130.86
2026-07-21 02:00:07,2026-07-21 09:53:00,11190261518547,8幢1单元1001两室,88.030,131.97
2026-07-21 05:26:52,2026-07-21 12:51:32,11190261518547,8幢1单元1001两室,87.810,132.19
2026-07-21 07:54:04,2026-07-21 15:50:03,11190261518547,8幢1单元1001两室,87.160,132.84
2026-07-21 10:19:27,2026-07-21 17:49:04,11190261518547,8幢1单元1001两室,86.950,133.05
2026-07-21 12:07:37,2026-07-21 19:49:56,11190261518547,8幢1单元1001两室,86.190,133.81
2026-07-21 14:32:20,2026-07-21 21:42:08,11190261518547,8幢1单元1001两室,86.010,133.99
2026-07-21 16:18:23,2026-07-21 23:41:09,11190261518547,8幢1单元1001两室,85.800,134.20
2026-07-21 17:51:39,2026-07-22 01:40:10,11190261518547,8幢1单元1001两室,85.080,134.92
2026-07-21 19:08:22,2026-07-22 02:39:41,11190261518547,8幢1单元1001两室,84.970,135.03
2026-07-21 20:42:00,2026-07-22 04:38:41,11190261518547,8幢1单元1001两室,84.810,135.19
2026-07-21 21:59:09,2026-07-22 05:38:12,11190261518547,8幢1单元1001两室,84.730,135.27
2026-07-21 23:00:45,2026-07-22 06:37:42,11190261518547,8幢1单元1001两室,84.270,135.73
2026-07-22 00:14:19,2026-07-22 07:37:13,11190261518547,8幢1单元1001两室,83.220,136.78
2026-07-22 03:55:50,2026-07-22 11:35:15,11190261518547,8幢1单元1001两室,82.750,137.25
2026-07-22 06:24:05,2026-07-22 13:34:16,11190261518547,8幢1单元1001两室,82.600,137.40
2026-07-22 09:06:52,2026-07-22 16:32:47,11190261518547,8幢1单元1001两室,80.940,139.06
2026-07-22 11:24:07,2026-07-22 18:31:48,11190261518547,8幢1单元1001两室,79.200,140.80
2026-07-22 12:55:04,2026-07-22 20:30:49,11190261518547,8幢1单元1001两室,78.460,141.54
2026-07-22 14:59:27,2026-07-22 22:29:50,11190261518547,8幢1单元1001两室,76.740,143.26
2026-07-22 16:22:39,2026-07-22 23:29:21,11190261518547,8幢1单元1001两室,76.560,143.44
2026-07-22 17:47:49,2026-07-23 01:28:21,11190261518547,8幢1单元1001两室,76.270,143.73
2026-07-22 19:01:56,2026-07-23 02:27:52,11190261518547,8幢1单元1001两室,75.530,144.47
2026-07-22 20:41:32,2026-07-23 04:26:53,11190261518547,8幢1单元1001两室,75.260,144.74
2026-07-22 21:59:58,2026-07-23 05:26:23,11190261518547,8幢1单元1001两室,75.010,144.99
2026-07-22 23:09:42,2026-07-23 06:25:54,11190261518547,8幢1单元1001两室,74.410,145.59
2026-07-23 00:58:43,2026-07-23 08:24:55,11190261518547,8幢1单元1001两室,74.110,145.89
2026-07-23 04:16:35,2026-07-23 11:23:26,11190261518547,8幢1单元1001两室,73.700,146.30
2026-07-23 07:02:49,2026-07-23 14:21:58,11190261518547,8幢1单元1001两室,72.530,147.47
2026-07-23 09:54:18,2026-07-23 17:20:29,11190261518547,8幢1单元1001两室,71.590,148.41
2026-07-23 11:46:43,2026-07-23 19:19:30,11190261518547,8幢1单元1001两室,70.900,149.10
2026-07-23 13:40:01,2026-07-23 21:34:01,11190261518547,8幢1单元1001两室,70.130,149.87
2026-07-23 15:49:59,2026-07-23 23:33:02,11190261518547,8幢1单元1001两室,69.500,150.50
2026-07-23 17:12:12,2026-07-24 00:32:33,11190261518547,8幢1单元1001两室,69.120,150.88
2026-07-23 18:43:21,2026-07-24 02:31:33,11190261518547,8幢1单元1001两室,68.560,151.44
2026-07-23 20:08:40,2026-07-24 03:31:04,11190261518547,8幢1单元1001两室,68.300,151.70
2026-07-23 21:33:33,2026-07-24 05:25:27,11190261518547,8幢1单元1001两室,67.640,152.36
2026-07-23 22:50:13,2026-07-24 06:24:38,11190261518547,8幢1单元1001两室,67.570,152.43
2026-07-23 23:54:08,2026-07-24 07:24:08,11190261518547,8幢1单元1001两室,67.490,152.51
2026-07-24 02:01:45,2026-07-24 09:23:09,11190261518547,8幢1单元1001两室,66.670,153.33
2026-07-24 05:33:56,2026-07-24 13:21:11,11190261518547,8幢1单元1001两室,66.370,153.63
2026-07-24 08:13:17,2026-07-24 15:20:12,11190261518547,8幢1单元1001两室,65.600,154.40
2026-07-24 10:32:02,2026-07-24 18:18:43,11190261518547,8幢1单元1001两室,65.070,154.93
2026-07-24 12:15:29,2026-07-24 19:49:50,11190261518547,8幢1单元1001两室,64.400,155.60
2026-07-24 14:19:17,2026-07-24 22:16:45,11190261518547,8幢1单元1001两室,64.130,155.87
2026-07-24 15:52:14,2026-07-24 23:16:16,11190261518547,8幢1单元1001两室,64.060,155.94
2026-07-24 17:22:53,2026-07-25 01:15:17,11190261518547,8幢1单元1001两室,63.810,156.19
2026-07-24 18:54:36,2026-07-25 02:14:47,11190261518547,8幢1单元1001两室,62.750,157.25
2026-07-24 20:14:12,2026-07-25 04:13:48,11190261518547,8幢1单元1001两室,62.440,157.56
2026-07-24 21:35:01,2026-07-25 05:13:18,11190261518547,8幢1单元1001两室,61.730,158.27
2026-07-24 22:56:05,2026-07-25 06:12:49,11190261518547,8幢1单元1001两室,61.650,158.35
2026-07-24 23:58:55,2026-07-25 07:12:19,11190261518547,8幢1单元1001两室,61.580,158.42
2026-07-25 02:51:53,2026-07-25 10:10:51,11190261518547,8幢1单元1001两室,61.350,158.65
2026-07-25 05:36:51,2026-07-25 13:09:22,11190261518547,8幢1单元1001两室,61.130,158.87
2026-07-25 07:55:03,2026-07-25 15:08:23,11190261518547,8幢1单元1001两室,60.500,159.50
2026-07-25 09:39:45,2026-07-25 17:07:24,11190261518547,8幢1单元1001两室,59.140,160.86
2026-07-25 11:04:04,2026-07-25 18:06:55,11190261518547,8幢1单元1001两室,58.940,161.06
2026-07-25 12:13:56,2026-07-25 20:05:56,11190261518547,8幢1单元1001两室,58.490,161.51
2026-07-25 14:08:41,2026-07-25 22:04:56,11190261518547,8幢1单元1001两室,58.320,161.68
2026-07-25 15:36:27,2026-07-25 23:04:27,11190261518547,8幢1单元1001两室,58.220,161.78
2026-07-25 16:50:16,2026-07-26 00:03:57,11190261518547,8幢1单元1001两室,56.970,163.03
2026-07-25 17:53:32,2026-07-26 01:03:28,11190261518547,8幢1单元1001两室,55.700,164.30
2026-07-25 18:57:39,2026-07-26 02:02:58,11190261518547,8幢1单元1001两室,54.440,165.56
2026-07-25 20:10:15,2026-07-26 04:01:59,11190261518547,8幢1单元1001两室,52.050,167.95
2026-07-25 21:23:20,2026-07-26 05:01:30,11190261518547,8幢1单元1001两室,50.950,169.05
2026-07-25 22:24:52,2026-07-26 06:01:00,11190261518547,8幢1单元1001两室,49.850,170.15
2026-07-25 23:28:23,2026-07-26 07:00:31,11190261518547,8幢1单元1001两室,48.750,171.25
2026-07-26 01:07:04,2026-07-26 08:59:32,11190261518547,8幢1单元1001两室,46.640,173.36
2026-07-26 04:53:51,2026-07-26 11:58:03,11190261518547,8幢1单元1001两室,42.690,177.31
2026-07-26 07:32:21,2026-07-26 14:56:35,11190261518547,8幢1单元1001两室,38.980,181.02
2026-07-26 09:53:12,2026-07-26 16:55:36,11190261518547,8幢1单元1001两室,36.650,183.35
2026-07-26 11:14:57,2026-07-26 18:54:37,11190261518547,8幢1单元1001两室,34.620,185.38
2026-07-26 12:36:30,2026-07-26 19:49:47,11190261518547,8幢1单元1001两室,34.490,185.51
2026-07-26 14:25:50,2026-07-26 21:43:51,11190261518547,8幢1单元1001两室,34.340,185.66
2026-07-26 15:37:08,2026-07-26 22:43:21,11190261518547,8幢1单元1001两室,33.840,186.16
2026-07-26 16:52:17,2026-07-27 00:42:22,11190261518547,8幢1单元1001两室,32.470,187.53
2026-07-26 17:56:47,2026-07-27 01:41:52,11190261518547,8幢1单元1001两室,32.400,187.60
2026-07-26 19:06:14,2026-07-27 02:41:23,11190261518547,8幢1单元1001两室,32.320,187.68
2026-07-26 20:28:25,2026-07-27 03:35:56,11190261518547,8幢1单元1001两室,31.790,188.21
2026-07-26 21:27:29,2026-07-27 04:35:26,11190261518547,8幢1单元1001两室,31.500,188.50
2026-07-26 22:29:55,2026-07-27 05:34:57,11190261518547,8幢1单元1001两室,31.280,188.72
2026-07-26 23:31:43,2026-07-27 06:34:27,11190261518547,8幢1单元1001两室,30.120,189.88
2026-07-27 02:13:20,2026-07-27 09:28:01,11190261518547,8幢1单元1001两室,28.030,191.97
2026-07-27 06:03:05,2026-07-27 13:26:03,11190261518547,8幢1单元1001两室,27.740,192.26
2026-07-27 10:14:22,2026-07-27 17:24:05,11190261518547,8幢1单元1001两室,25.940,194.06
2026-07-27 13:23:56,2026-07-27 21:22:06,11190261518547,8幢1单元1001两室,21.050,198.95
2026-07-27 15:57:19,2026-07-27 23:21:07,11190261518547,8幢1单元1001两室,19.760,200.24
2026-07-27 17:41:25,2026-07-28 01:20:08,11190261518547,8幢1单元1001两室,17.260,202.74
2026-07-27 19:16:55,2026-07-28 02:19:39,11190261518547,8幢1单元1001两室,16.040,203.96
2026-07-27 20:49:11,2026-07-28 04:18:40,11190261518547,8幢1单元1001两室,13.650,206.35
2026-07-27 21:59:13,2026-07-28 05:18:10,11190261518547,8幢1单元1001两室,12.470,207.53
2026-07-27 23:06:17,2026-07-28 06:17:41,11190261518547,8幢1单元1001两室,11.300,208.70
2026-07-28 00:53:33,2026-07-28 08:16:42,11190261518547,8幢1单元1001两室,8.920,211.08
2026-07-28 03:55:48,2026-07-28 11:15:13,11190261518547,8幢1单元1001两室,6.900,213.10
2026-07-28 06:21:21,2026-07-28 14:13:45,11190261518547,8幢1单元1001两室,3.210,216.79
2026-07-28 09:14:40,2026-07-28 17:12:16,11190261518547,8幢1单元1001两室,1.370,218.63
2026-07-28 11:33:10,2026-07-28 19:11:17,11190261518547,8幢1单元1001两室,24.990,220.01
2026-07-28 13:47:53,2026-07-28 21:10:18,11190261518547,8幢1单元1001两室,23.740,221.26
2026-07-28 16:00:28,2026-07-28 23:09:19,11190261518547,8幢1单元1001两室,21.150,223.85
2026-07-28 17:50:37,2026-07-29 01:08:20,11190261518547,8幢1单元1001两室,19.460,225.54
2026-07-28 19:12:51,2026-07-29 03:07:21,11190261518547,8幢1单元1001两室,18.320,226.68
2026-07-28 20:40:52,2026-07-29 04:06:51,11190261518547,8幢1单元1001两室,17.790,227.21
2026-07-28 21:56:57,2026-07-29 05:06:22,11190261518547,8幢1单元1001两室,17.250,227.75
2026-07-28 22:55:49,2026-07-29 06:05:52,11190261518547,8幢1单元1001两室,16.760,228.24
2026-07-28 23:54:57,2026-07-29 07:05:23,11190261518547,8幢1单元1001两室,16.260,228.74
2026-07-29 01:57:20,2026-07-29 09:04:24,11190261518547,8幢1单元1001两室,15.250,229.75
2026-07-29 05:20:43,2026-07-29 13:02:26,11190261518547,8幢1单元1001两室,10.090,234.91
2026-07-29 08:03:14,2026-07-29 16:00:57,11190261518547,8幢1单元1001两室,6.460,238.54
2026-07-29 11:00:54,2026-07-29 18:59:28,11190261518547,8幢1单元1001两室,2.990,242.01
2026-07-29 13:12:32,2026-07-29 20:54:10,11190261518547,8幢1单元1001两室,0.710,244.29
2026-07-29 15:26:59,2026-07-29 22:53:11,11190261518547,8幢1单元1001两室,24.760,245.24
2026-07-29 16:49:05,2026-07-29 23:52:41,11190261518547,8幢1单元1001两室,24.560,245.44
2026-07-29 18:02:34,2026-07-30 01:51:42,11190261518547,8幢1单元1001两室,23.060,246.94
2026-07-29 20:45:36,2026-07-30 03:50:43,11190261518547,8幢1单元1001两室,21.550,248.45
2026-07-29 21:53:45,2026-07-30 05:49:44,11190261518547,8幢1单元1001两室,20.240,249.76
2026-07-29 22:55:01,2026-07-30 06:49:14,11190261518547,8幢1单元1001两室,19.610,250.39
2026-07-29 23:55:59,2026-07-30 07:48:45,11190261518547,8幢1单元1001两室,18.970,251.03
2026-07-30 01:56:46,2026-07-30 09:47:46,11190261518547,8幢1单元1001两室,17.500,252.50
2026-07-30 04:56:20,2026-07-30 12:46:17,11190261518547,8幢1单元1001两室,13.870,256.13
2026-07-30 07:31:53,2026-07-30 14:45:18,11190261518547,8幢1单元1001两室,11.400,258.60
2026-07-30 10:17:36,2026-07-30 17:43:49,11190261518547,8幢1单元1001两室,7.640,262.36
2026-07-30 12:10:20,2026-07-30 19:49:39,11190261518547,8幢1单元1001两室,5.050,264.95
2026-07-30 14:39:58,2026-07-30 21:41:51,11190261518547,8幢1单元1001两室,4.640,265.36
2026-07-30 16:21:54,2026-07-30 23:40:52,11190261518547,8幢1单元1001两室,4.430,265.57
2026-07-30 17:54:57,2026-07-31 01:39:53,11190261518547,8幢1单元1001两室,3.150,266.85
2026-07-30 19:14:24,2026-07-31 02:39:23,11190261518547,8幢1单元1001两室,1.950,268.05
2026-07-30 20:40:08,2026-07-31 04:38:24,11190261518547,8幢1单元1001两室,24.990,270.01
2026-07-30 22:08:02,2026-07-31 05:37:55,11190261518547,8幢1单元1001两室,24.930,270.07
2026-07-30 23:30:18,2026-07-31 06:37:25,11190261518547,8幢1单元1001两室,24.160,270.84
2026-07-31 02:06:24,2026-07-31 09:35:57,11190261518547,8幢1单元1001两室,21.430,273.57
2026-07-31 05:48:13,2026-07-31 13:33:59,11190261518547,8幢1单元1001两室,17.280,277.72
2026-07-31 08:39:01,2026-07-31 16:32:30,11190261518547,8幢1单元1001两室,13.570,281.43
2026-07-31 11:24:22,2026-07-31 18:31:31,11190261518547,8幢1单元1001两室,11.130,283.87
2026-07-31 13:12:25,2026-07-31 20:39:13,11190261518547,8幢1单元1001两室,10.040,284.96
2026-07-31 15:35:26,2026-07-31 23:32:47,11190261518547,8幢1单元1001两室,8.660,286.34
2026-07-31 17:22:22,2026-08-01 00:32:18,11190261518547,8幢1单元1001两室,8.080,286.92
2026-07-31 18:51:06,2026-08-01 02:31:18,11190261518547,8幢1单元1001两室,7.530,287.47
2026-07-31 20:16:58,2026-08-01 03:30:49,11190261518547,8幢1单元1001两室,7.440,287.56
2026-07-31 21:36:02,2026-08-01 05:29:50,11190261518547,8幢1单元1001两室,7.100,287.90
2026-07-31 22:54:00,2026-08-01 06:29:20,11190261518547,8幢1单元1001两室,6.760,288.24
2026-07-31 23:55:43,2026-08-01 07:28:51,11190261518547,8幢1单元1001两室,5.770,289.23
2026-08-01 02:13:26,2026-08-01 09:27:52,11190261518547,8幢1单元1001两室,5.490,289.51
2026-08-01 05:39:39,2026-08-01 13:25:54,11190261518547,8幢1单元1001两室,2.770,292.23
2026-08-01 08:08:34,2026-08-01 15:24:54,11190261518547,8幢1单元1001两室,2.610,292.39
2026-08-01 10:14:43,2026-08-01 17:23:55,11190261518547,8幢1单元1001两室,2.460,292.54
2026-08-01 11:39:56,2026-08-01 19:22:56,11190261518547,8幢1单元1001两室,2.070,292.93
2026-08-01 13:03:10,2026-08-01 20:34:14,11190261518547,8幢1单元1001两室,1.240,293.76
2026-08-01 14:43:29,2026-08-01 22:33:15,11190261518547,8幢1单元1001两室,24.210,295.79
2026-08-01 15:55:46,2026-08-01 23:32:45,11190261518547,8幢1单元1001两室,23.110,296.89
2026-08-01 16:54:01,2026-08-02 00:32:16,11190261518547,8幢1单元1001两室,23.020,296.98
2026-08-01 17:55:51,2026-08-02 01:31:46,11190261518547,8幢1单元1001两室,22.930,297.07
2026-08-01 19:00:19,2026-08-02 02:31:17,11190261518547,8幢1单元1001两室,22.020,297.98
2026-08-01 20:24:25,2026-08-02 03:30:47,11190261518547,8幢1单元1001两室,20.830,299.17
2026-08-01 21:22:55,2026-08-02 04:30:18,11190261518547,8幢1单元1001两室,20.380,299.62
2026-08-01 22:26:37,2026-08-02 05:29:48,11190261518547,8幢1单元1001两室,20.280,299.72
2026-08-01 23:26:53,2026-08-02 07:23:51,11190261518547,8幢1单元1001两室,19.960,300.04
2026-08-02 01:05:45,2026-08-02 08:23:22,11190261518547,8幢1单元1001两室,18.770,301.23
2026-08-02 04:50:12,2026-08-02 12:21:24,11190261518547,8幢1单元1001两室,14.810,305.19
2026-08-02 07:28:45,2026-08-02 15:19:55,11190261518547,8幢1单元1001两室,12.580,307.42
2026-08-02 09:33:40,2026-08-02 17:18:56,11190261518547,8幢1单元1001两室,12.420,307.58
2026-08-02 11:12:24,2026-08-02 18:18:27,11190261518547,8幢1单元1001两室,12.340,307.66
2026-08-02 12:33:34,2026-08-02 20:19:19,11190261518547,8幢1单元1001两室,11.780,308.22
2026-08-02 14:25:02,2026-08-02 22:13:23,11190261518547,8幢1单元1001两室,9.330,310.67
2026-08-02 15:36:06,2026-08-02 23:12:53,11190261518547,8幢1单元1001两室,8.020,311.98
2026-08-02 16:52:19,2026-08-03 00:12:24,11190261518547,8幢1单元1001两室,6.690,313.31
2026-08-02 17:56:45,2026-08-03 01:11:54,11190261518547,8幢1单元1001两室,5.290,314.71
2026-08-02 19:04:57,2026-08-03 02:11:25,11190261518547,8幢1单元1001两室,4.650,315.35
2026-08-02 20:26:23,2026-08-03 04:10:26,11190261518547,8幢1单元1001两室,3.260,316.74
2026-08-02 21:23:23,2026-08-03 05:09:56,11190261518547,8幢1单元1001两室,3.160,316.84
2026-08-02 22:25:38,2026-08-03 06:09:26,11190261518547,8幢1单元1001两室,3.070,316.93
2026-08-02 23:27:44,2026-08-03 07:08:57,11190261518547,8幢1单元1001两室,2.990,317.01
2026-08-03 01:06:01,2026-08-03 08:08:27,11190261518547,8幢1单元1001两室,2.320,317.68
2026-08-03 04:59:07,2026-08-03 12:06:29,11190261518547,8幢1单元1001两室,24.920,320.08
2026-08-03 08:32:08,2026-08-03 16:04:31,11190261518547,8幢1单元1001两室,22.960,322.04
2026-08-03 12:15:09,2026-08-03 20:02:33,11190261518547,8幢1单元1001两室,22.140,322.86
2026-08-03 15:23:30,2026-08-03 23:01:04,11190261518547,8幢1单元1001两室,21.860,323.14
2026-08-03 17:23:27,2026-08-04 01:00:05,11190261518547,8幢1单元1001两室,21.320,323.68
2026-08-03 19:03:28,2026-08-04 02:59:06,11190261518547,8幢1单元1001两室,19.700,325.30
2026-08-03 20:42:04,2026-08-04 03:58:37,11190261518547,8幢1单元1001两室,19.610,325.39
2026-08-03 22:01:08,2026-08-04 05:57:38,11190261518547,8幢1单元1001两室,18.130,326.87
2026-08-03 23:33:12,2026-08-04 06:57:08,11190261518547,8幢1单元1001两室,17.690,327.31
2026-08-04 01:52:13,2026-08-04 08:56:09,11190261518547,8幢1单元1001两室,16.320,328.68
2026-08-04 04:58:06,2026-08-04 12:54:11,11190261518547,8幢1单元1001两室,12.880,332.12
2026-08-04 07:40:08,2026-08-04 14:53:12,11190261518547,8幢1单元1001两室,10.490,334.51
2026-08-04 10:29:59,2026-08-04 17:51:43,11190261518547,8幢1单元1001两室,7.380,337.62
2026-08-04 12:26:47,2026-08-04 19:51:02,11190261518547,8幢1单元1001两室,7.230,337.77
2026-08-04 14:59:38,2026-08-04 22:49:16,11190261518547,8幢1单元1001两室,7.000,338.00
2026-08-04 16:55:42,2026-08-05 00:48:17,11190261518547,8幢1单元1001两室,5.760,339.24
2026-08-04 18:24:54,2026-08-05 01:47:47,11190261518547,8幢1单元1001两室,5.680,339.32
2026-08-04 20:07:50,2026-08-05 03:46:48,11190261518547,8幢1单元1001两室,5.430,339.57
2026-08-04 21:46:19,2026-08-05 05:45:49,11190261518547,8幢1单元1001两室,5.270,339.73
2026-08-04 22:55:50,2026-08-05 06:45:20,11190261518547,8幢1单元1001两室,5.180,339.82
2026-08-04 23:58:41,2026-08-05 07:44:50,11190261518547,8幢1单元1001两室,5.100,339.90
2026-08-05 02:41:03,2026-08-05 09:43:51,11190261518547,8幢1单元1001两室,3.840,341.16
2026-08-05 05:39:53,2026-08-05 12:42:22,11190261518547,8幢1单元1001两室,3.550,341.45
2026-08-05 08:24:17,2026-08-05 15:40:54,11190261518547,8幢1单元1001两室,2.660,342.34
2026-08-05 10:58:01,2026-08-05 18:39:25,11190261518547,8幢1单元1001两室,1.220,343.78
2026-08-05 12:52:49,2026-08-05 20:14:16,11190261518547,8幢1单元1001两室,1.100,343.90
2026-08-05 15:09:48,2026-08-05 22:13:17,11190261518547,8幢1单元1001两室,0.950,344.05
2026-08-05 16:58:48,2026-08-06 00:26:46,11190261518547,8幢1单元1001两室,0.000,345.00
2026-08-05 18:23:08,2026-08-06 02:11:19,11190261518547,8幢1单元1001两室,0.000,345.00
2026-08-05 20:04:55,2026-08-06 03:10:49,11190261518547,8幢1单元1001两室,0.000,345.00
2026-08-05 21:42:37,2026-08-06 05:27:13,11190261518547,8幢1单元1001两室,25.000,345.00
2026-08-05 22:51:16,2026-08-06 06:09:21,11190261518547,8幢1单元1001两室,24.940,345.06
2026-08-05 23:53:26,2026-08-06 07:08:51,11190261518547,8幢1单元1001两室,24.310,345.69
2026-08-06 01:54:45,2026-08-06 09:07:52,11190261518547,8幢1单元1001两室,24.130,345.87
2026-08-06 05:10:58,2026-08-06 13:05:54,11190261518547,8幢1单元1001两室,23.770,346.23
2026-08-06 07:59:19,2026-08-06 15:04:55,11190261518547,8幢1单元1001两室,23.570,346.43
2026-08-06 10:43:01,2026-08-06 18:03:26,11190261518547,8幢1单元1001两室,22.720,347.28
2026-08-06 12:52:42,2026-08-06 20:02:27,11190261518547,8幢1单元1001两室,22.560,347.44
2026-08-06 15:08:56,2026-08-06 23:00:59,11190261518547,8幢1单元1001两室,22.030,347.97
2026-08-07 00:37:00,2026-08-07 07:51:35,11190261518547,8幢1单元1001两室,18.400,351.60
2026-08-07 03:44:20,2026-08-07 10:50:07,11190261518547,8幢1单元1001两室,17.690,352.31
2026-08-07 05:29:01,2026-08-07 12:49:08,11190261518547,8幢1单元1001两室,17.530,352.47
2026-08-07 06:48:19,2026-08-07 14:48:09,11190261518547,8幢1单元1001两室,17.190,352.81
2026-08-07 08:09:22,2026-08-07 15:47:39,11190261518547,8幢1单元1001两室,17.120,352.88
2026-08-07 09:30:10,2026-08-07 16:47:10,11190261518547,8幢1单元1001两室,17.040,352.96
2026-08-07 10:27:41,2026-08-07 17:46:40,11190261518547,8幢1单元1001两室,16.960,353.04
2026-08-07 11:21:31,2026-08-07 18:46:11,11190261518547,8幢1单元1001两室,16.890,353.11
2026-08-07 12:06:29,2026-08-07 19:49:44,11190261518547,8幢1单元1001两室,16.810,353.19
2026-08-07 13:47:05,2026-08-07 21:44:42,11190261518547,8幢1单元1001两室,16.660,353.34
2026-08-07 14:47:24,2026-08-07 22:44:12,11190261518547,8幢1单元1001两室,16.580,353.42
2026-08-07 15:48:29,2026-08-07 23:43:43,11190261518547,8幢1单元1001两室,16.510,353.49
2026-08-07 16:44:50,2026-08-08 00:43:13,11190261518547,8幢1单元1001两室,16.430,353.57
2026-08-07 17:42:28,2026-08-08 01:37:46,11190261518547,8幢1单元1001两室,16.250,353.75
2026-08-07 18:43:48,2026-08-08 02:37:17,11190261518547,8幢1单元1001两室,14.910,355.09
2026-08-07 20:32:51,2026-08-08 03:36:47,11190261518547,8幢1单元1001两室,13.630,356.37
2026-08-07 21:32:08,2026-08-08 04:36:18,11190261518547,8幢1单元1001两室,12.360,357.64
2026-08-07 22:27:24,2026-08-08 05:35:48,11190261518547,8幢1单元1001两室,11.110,358.89
2026-08-07 23:05:41,2026-08-08 06:35:19,11190261518547,8幢1单元1001两室,10.040,359.96
2026-08-07 23:56:18,2026-08-08 07:34:49,11190261518547,8幢1单元1001两室,9.970,360.03
2026-08-08 01:15:15,2026-08-08 08:34:20,11190261518547,8幢1单元1001两室,9.890,360.11
2026-08-08 03:05:53,2026-08-08 10:33:21,11190261518547,8幢1单元1001两室,9.750,360.25
2026-08-08 04:33:39,2026-08-08 12:32:22,11190261518547,8幢1单元1001两室,9.600,360.40
2026-08-08 05:37:08,2026-08-08 13:26:55,11190261518547,8幢1单元1001两室,9.530,360.47
2026-08-08 06:39:01,2026-08-08 14:26:25,11190261518547,8幢1单元1001两室,9.460,360.54
2026-08-08 07:42:20,2026-08-08 15:25:56,11190261518547,8幢1单元1001两室,9.390,360.61
2026-08-08 08:31:34,2026-08-08 16:25:26,11190261518547,8幢1单元1001两室,9.310,360.69
2026-08-08 10:04:23,2026-08-08 17:24:56,11190261518547,8幢1单元1001两室,9.240,360.76
2026-08-08 10:58:55,2026-08-08 18:24:27,11190261518547,8幢1单元1001两室,9.170,360.83
2026-08-08 11:31:11,2026-08-08 19:23:57,11190261518547,8幢1单元1001两室,9.090,360.91
2026-08-08 12:32:47,2026-08-08 20:23:28,11190261518547,8幢1单元1001两室,9.020,360.98
2026-08-08 13:39:54,2026-08-08 21:22:58,11190261518547,8幢1单元1001两室,8.950,361.05
2026-08-08 14:56:34,2026-08-08 22:17:31,11190261518547,8幢1单元1001两室,8.880,361.12
2026-08-08 15:54:58,2026-08-08 23:17:02,11190261518547,8幢1单元1001两室,8.800,361.20
2026-08-08 17:01:25,2026-08-09 00:16:32,11190261518547,8幢1单元1001两室,8.730,361.27
2026-08-08 17:55:01,2026-08-09 01:16:03,11190261518547,8幢1单元1001两室,8.660,361.34
2026-08-08 19:07:10,2026-08-09 02:15:33,11190261518547,8幢1单元1001两室,8.580,361.42
2026-08-08 19:51:35,2026-08-09 03:15:04,11190261518547,8幢1单元1001两室,8.510,361.49
2026-08-08 20:56:16,2026-08-09 04:09:37,11190261518547,8幢1单元1001两室,8.440,361.56
2026-08-08 21:54:12,2026-08-09 05:09:07,11190261518547,8幢1单元1001两室,8.360,361.64
2026-08-08 22:55:24,2026-08-09 06:08:38,11190261518547,8幢1单元1001两室,8.290,361.71
2026-08-08 23:52:31,2026-08-09 07:08:08,11190261518547,8幢1单元1001两室,8.210,361.79
2026-08-09 01:09:02,2026-08-09 09:07:09,11190261518547,8幢1单元1001两室,8.060,361.94
2026-08-09 03:12:34,2026-08-09 11:06:10,11190261518547,8幢1单元1001两室,7.910,362.09
2026-08-09 04:43:40,2026-08-09 12:05:40,11190261518547,8幢1单元1001两室,7.840,362.16
2026-08-09 05:42:09,2026-08-09 13:05:11,11190261518547,8幢1单元1001两室,7.770,362.23
2026-08-09 06:42:38,2026-08-09 14:04:41,11190261518547,8幢1单元1001两室,7.690,362.31
2026-08-09 07:47:44,2026-08-09 15:04:12,11190261518547,8幢1单元1001两室,7.620,362.38
2026-08-09 08:33:36,2026-08-09 16:03:42,11190261518547,8幢1单元1001两室,7.540,362.46
2026-08-09 09:31:54,2026-08-09 17:03:13,11190261518547,8幢1单元1001两室,7.470,362.53
2026-08-09 11:01:08,2026-08-09 18:02:43,11190261518547,8幢1单元1001两室,7.400,362.60
2026-08-09 11:53:27,2026-08-09 19:49:21,11190261518547,8幢1单元1001两室,7.260,362.74
2026-08-09 12:34:57,2026-08-09 20:01:44,11190261518547,8幢1单元1001两室,7.250,362.75
2026-08-09 13:43:01,2026-08-09 20:56:17,11190261518547,8幢1单元1001两室,7.180,362.82
2026-08-09 14:27:19,2026-08-09 21:55:48,11190261518547,8幢1单元1001两室,7.110,362.89
2026-08-09 15:00:59,2026-08-09 22:55:18,11190261518547,8幢1单元1001两室,7.030,362.97
2026-08-09 16:26:40,2026-08-09 23:54:49,11190261518547,8幢1单元1001两室,6.960,363.04
2026-08-09 17:04:03,2026-08-10 00:54:19,11190261518547,8幢1单元1001两室,6.880,363.12
2026-08-09 18:36:02,2026-08-10 01:53:50,11190261518547,8幢1单元1001两室,6.810,363.19
2026-08-09 19:26:35,2026-08-10 02:53:20,11190261518547,8幢1单元1001两室,6.730,363.27
2026-08-09 20:26:27,2026-08-10 03:47:53,11190261518547,8幢1单元1001两室,6.660,363.34
2026-08-09 21:01:41,2026-08-10 04:47:23,11190261518547,8幢1单元1001两室,6.590,363.41
2026-08-09 22:26:32,2026-08-10 05:46:54,11190261518547,8幢1单元1001两室,6.510,363.49
2026-08-09 23:34:01,2026-08-10 06:46:24,11190261518547,8幢1单元1001两室,6.440,363.56
2026-08-10 01:11:00,2026-08-10 08:45:25,11190261518547,8幢1单元1001两室,6.290,363.71
2026-08-10 03:23:11,2026-08-10 11:00:48,11190261518547,8幢1单元1001两室,6.130,363.87
2026-08-10 05:04:01,2026-08-10 12:54:53,11190261518547,8幢1单元1001两室,5.990,364.01
2026-08-10 06:49:13,2026-08-10 13:54:23,11190261518547,8幢1单元1001两室,5.910,364.09
2026-08-10 08:22:41,2026-08-10 15:53:24,11190261518547,8幢1单元1001两室,5.770,364.23
2026-08-10 09:55:24,2026-08-10 17:52:25,11190261518547,8幢1单元1001两室,5.620,364.38
2026-08-10 11:01:40,2026-08-10 18:51:55,11190261518547,8幢1单元1001两室,5.550,364.45
2026-08-10 12:06:25,2026-08-10 19:51:43,11190261518547,8幢1单元1001两室,5.470,364.53
2026-08-10 13:52:03,2026-08-10 21:50:27,11190261518547,8幢1单元1001两室,5.330,364.67
2026-08-10 14:51:53,2026-08-10 22:49:57,11190261518547,8幢1单元1001两室,5.250,364.75
2026-08-10 16:45:30,2026-08-10 23:49:28,11190261518547,8幢1单元1001两室,5.180,364.82
2026-08-10 17:45:01,2026-08-11 00:48:58,11190261518547,8幢1单元1001两室,5.100,364.90
2026-08-10 18:45:58,2026-08-11 01:48:29,11190261518547,8幢1单元1001两室,5.030,364.97
2026-08-10 20:33:59,2026-08-11 03:47:30,11190261518547,8幢1单元1001两室,4.880,365.12
2026-08-10 21:34:35,2026-08-11 04:47:00,11190261518547,8幢1单元1001两室,4.810,365.19
2026-08-10 22:29:15,2026-08-11 05:46:30,11190261518547,8幢1单元1001两室,4.740,365.26
2026-08-10 23:07:29,2026-08-11 06:46:01,11190261518547,8幢1单元1001两室,4.660,365.34
2026-08-10 23:58:25,2026-08-11 07:45:31,11190261518547,8幢1单元1001两室,4.590,365.41
2026-08-11 01:50:19,2026-08-11 09:39:35,11190261518547,8幢1单元1001两室,4.450,365.55
2026-08-11 03:28:58,2026-08-11 10:39:05,11190261518547,8幢1单元1001两室,4.380,365.62
2026-08-11 04:49:41,2026-08-11 12:38:06,11190261518547,8幢1单元1001两室,4.240,365.76
2026-08-11 05:50:11,2026-08-11 13:37:37,11190261518547,8幢1单元1001两室,4.160,365.84
2026-08-11 06:54:04,2026-08-11 14:37:07,11190261518547,8幢1单元1001两室,4.090,365.91
2026-08-11 08:05:39,2026-08-11 15:36:37,11190261518547,8幢1单元1001两室,4.020,365.98
2026-08-11 09:28:38,2026-08-11 16:36:08,11190261518547,8幢1单元1001两室,3.950,366.05
2026-08-11 10:25:18,2026-08-11 17:35:38,11190261518547,8幢1单元1001两室,3.870,366.13
2026-08-11 11:12:23,2026-08-11 18:35:09,11190261518547,8幢1单元1001两室,3.800,366.20
2026-08-11 12:05:48,2026-08-11 19:49:17,11190261518547,8幢1单元1001两室,3.710,366.29
2026-08-11 13:50:58,2026-08-11 21:33:25,11190261518547,8幢1单元1001两室,3.580,366.42
2026-08-11 14:51:42,2026-08-11 22:32:56,11190261518547,8幢1单元1001两室,3.510,366.49
2026-08-11 15:53:49,2026-08-11 23:32:26,11190261518547,8幢1单元1001两室,3.440,366.56
2026-08-11 16:51:16,2026-08-12 00:31:57,11190261518547,8幢1单元1001两室,3.360,366.64
2026-08-11 17:52:27,2026-08-12 01:31:27,11190261518547,8幢1单元1001两室,3.290,366.71
2026-08-11 18:52:44,2026-08-12 02:30:58,11190261518547,8幢1单元1001两室,3.220,366.78
2026-08-11 19:56:30,2026-08-12 03:30:28,11190261518547,8幢1单元1001两室,3.140,366.86
2026-08-11 20:39:07,2026-08-12 04:29:59,11190261518547,8幢1单元1001两室,3.070,366.93
2026-08-11 21:38:20,2026-08-12 05:29:29,11190261518547,8幢1单元1001两室,3.000,367.00
2026-08-11 22:34:15,2026-08-12 06:29:00,11190261518547,8幢1单元1001两室,2.920,367.08
2026-08-11 23:32:18,2026-08-12 07:28:30,11190261518547,8幢1单元1001两室,2.850,367.15
2026-08-12 01:17:36,2026-08-12 08:28:01,11190261518547,8幢1单元1001两室,2.780,367.22
2026-08-12 03:34:13,2026-08-12 11:26:32,11190261518547,8幢1单元1001两室,2.560,367.44
2026-08-12 05:25:56,2026-08-12 13:25:33,11190261518547,8幢1单元1001两室,2.420,367.58
2026-08-12 06:52:08,2026-08-12 14:25:03,11190261518547,8幢1单元1001两室,2.350,367.65
2026-08-12 08:10:55,2026-08-12 15:24:34,11190261518547,8幢1单元1001两室,2.270,367.73
2026-08-12 09:38:06,2026-08-12 17:23:35,11190261518547,8幢1单元1001两室,2.130,367.87
2026-08-12 10:54:57,2026-08-12 18:23:05,11190261518547,8幢1单元1001两室,2.060,367.94
2026-08-12 11:40:56,2026-08-12 19:22:36,11190261518547,8幢1单元1001两室,1.980,368.02
2026-08-12 12:53:05,2026-08-12 20:22:06,11190261518547,8幢1单元1001两室,1.910,368.09
2026-08-12 14:16:55,2026-08-12 21:21:36,11190261518547,8幢1单元1001两室,1.840,368.16
2026-08-12 15:27:29,2026-08-12 23:20:37,11190261518547,8幢1单元1001两室,1.690,368.31
2026-08-12 16:25:13,2026-08-13 00:20:08,11190261518547,8幢1单元1001两室,1.600,368.40
2026-08-12 17:26:38,2026-08-13 01:19:38,11190261518547,8幢1单元1001两室,1.060,368.94
2026-08-12 18:25:11,2026-08-13 02:19:09,11190261518547,8幢1单元1001两室,0.990,369.01
2026-08-12 19:34:44,2026-08-13 03:18:39,11190261518547,8幢1单元1001两室,0.910,369.09
2026-08-12 20:35:49,2026-08-13 04:18:10,11190261518547,8幢1单元1001两室,0.840,369.16
2026-08-12 21:38:08,2026-08-13 05:17:40,11190261518547,8幢1单元1001两室,0.770,369.23
2026-08-12 22:33:11,2026-08-13 06:17:11,11190261518547,8幢1单元1001两室,0.690,369.31
2026-08-12 23:33:13,2026-08-13 07:11:44,11190261518547,8幢1单元1001两室,0.630,369.37
2026-08-13 01:19:17,2026-08-13 09:10:44,11190261518547,8幢1单元1001两室,0.480,369.52
2026-08-13 03:37:30,2026-08-13 11:09:45,11190261518547,8幢1单元1001两室,0.340,369.66
2026-08-13 05:28:53,2026-08-13 13:08:46,11190261518547,8幢1单元1001两室,0.190,369.81
2026-08-13 06:57:03,2026-08-13 14:12:16,11190261518547,8幢1单元1001两室,25.000,370.00
2026-08-13 08:18:58,2026-08-13 16:07:18,11190261518547,8幢1单元1001两室,24.870,370.13
2026-08-13 09:38:46,2026-08-13 17:06:48,11190261518547,8幢1单元1001两室,24.800,370.20
2026-08-13 10:55:57,2026-08-13 18:06:19,11190261518547,8幢1单元1001两室,24.730,370.27
2026-08-13 11:41:47,2026-08-13 19:05:49,11190261518547,8幢1单元1001两室,24.650,370.35
2026-08-13 12:53:55,2026-08-13 20:05:20,11190261518547,8幢1单元1001两室,24.570,370.43
2026-08-13 14:18:31,2026-08-13 21:59:23,11190261518547,8幢1单元1001两室,24.430,370.57
2026-08-13 15:29:00,2026-08-13 22:58:54,11190261518547,8幢1单元1001两室,24.350,370.65
2026-08-13 16:25:05,2026-08-13 23:58:24,11190261518547,8幢1单元1001两室,24.270,370.73
2026-08-13 17:27:04,2026-08-14 00:52:57,11190261518547,8幢1单元1001两室,24.200,370.80
2026-08-13 18:26:16,2026-08-14 01:52:27,11190261518547,8幢1单元1001两室,24.120,370.88
2026-08-13 19:33:10,2026-08-14 02:51:58,11190261518547,8幢1单元1001两室,24.050,370.95
2026-08-13 20:34:01,2026-08-14 03:51:28,11190261518547,8幢1单元1001两室,23.970,371.03
2026-08-13 21:37:38,2026-08-14 04:50:59,11190261518547,8幢1单元1001两室,23.900,371.10
2026-08-13 22:33:52,2026-08-14 05:50:29,11190261518547,8幢1单元1001两室,23.830,371.17
2026-08-13 23:33:50,2026-08-14 06:50:00,11190261518547,8幢1单元1001两室,23.750,371.25
2026-08-14 01:18:43,2026-08-14 08:49:01,11190261518547,8幢1单元1001两室,23.610,371.39
2026-08-14 03:35:10,2026-08-14 10:48:02,11190261518547,8幢1单元1001两室,23.440,371.56
2026-08-14 05:26:22,2026-08-14 12:47:03,11190261518547,8幢1单元1001两室,23.290,371.71
2026-08-14 06:52:45,2026-08-14 14:46:04,11190261518547,8幢1单元1001两室,23.150,371.85
2026-08-14 08:08:37,2026-08-14 15:40:37,11190261518547,8幢1单元1001两室,23.080,371.92
2026-08-14 09:33:26,2026-08-14 16:35:10,11190261518547,8幢1单元1001两室,23.020,371.98
2026-08-14 10:51:56,2026-08-14 18:34:10,11190261518547,8幢1单元1001两室,22.870,372.13
2026-08-14 11:39:07,2026-08-14 19:33:41,11190261518547,8幢1单元1001两室,22.800,372.20
2026-08-14 12:48:25,2026-08-14 19:49:11,11190261518547,8幢1单元1001两室,22.780,372.22
2026-08-14 14:11:19,2026-08-14 21:48:12,11190261518547,8幢1单元1001两室,22.630,372.37
2026-08-14 15:13:50,2026-08-14 22:47:43,11190261518547,8幢1单元1001两室,22.540,372.46
2026-08-14 16:12:52,2026-08-14 23:47:13,11190261518547,8幢1单元1001两室,22.450,372.55
2026-08-14 17:25:31,2026-08-15 00:46:44,11190261518547,8幢1单元1001两室,22.380,372.62
2026-08-14 18:14:01,2026-08-15 01:46:14,11190261518547,8幢1单元1001两室,22.300,372.70
2026-08-14 19:26:32,2026-08-15 02:45:45,11190261518547,8幢1单元1001两室,22.230,372.77
2026-08-14 20:02:37,2026-08-15 03:45:15,11190261518547,8幢1单元1001两室,22.160,372.84
2026-08-14 21:18:28,2026-08-15 04:39:48,11190261518547,8幢1单元1001两室,22.100,372.90
2026-08-14 22:15:19,2026-08-15 05:39:18,11190261518547,8幢1单元1001两室,22.020,372.98
2026-08-14 23:14:32,2026-08-15 06:38:49,11190261518547,8幢1单元1001两室,21.950,373.05
2026-08-14 23:44:47,2026-08-15 07:38:19,11190261518547,8幢1单元1001两室,21.880,373.12
2026-08-15 00:50:16,2026-08-15 08:37:50,11190261518547,8幢1单元1001两室,21.810,373.19
2026-08-15 02:09:42,2026-08-15 09:37:20,11190261518547,8幢1单元1001两室,21.740,373.26
2026-08-15 03:10:59,2026-08-15 10:36:51,11190261518547,8幢1单元1001两室,21.670,373.33
2026-08-15 04:02:02,2026-08-15 11:36:21,11190261518547,8幢1单元1001两室,21.600,373.40
2026-08-15 05:18:30,2026-08-15 12:35:52,11190261518547,8幢1单元1001两室,21.520,373.48
2026-08-15 06:24:36,2026-08-15 13:35:22,11190261518547,8幢1单元1001两室,21.450,373.55
2026-08-15 07:05:29,2026-08-15 14:34:53,11190261518547,8幢1单元1001两室,21.380,373.62
2026-08-15 08:18:44,2026-08-15 15:34:23,11190261518547,8幢1单元1001两室,21.310,373.69
2026-08-15 09:19:10,2026-08-15 16:28:56,11190261518547,8幢1单元1001两室,21.240,373.76
2026-08-15 10:15:36,2026-08-15 17:28:26,11190261518547,8幢1单元1001两室,21.170,373.83
2026-08-15 11:12:55,2026-08-15 18:27:57,11190261518547,8幢1单元1001两室,21.100,373.90
2026-08-15 11:42:22,2026-08-15 19:27:27,11190261518547,8幢1单元1001两室,21.030,373.97
2026-08-15 12:22:25,2026-08-15 19:49:09,11190261518547,8幢1单元1001两室,21.000,374.00
2026-08-15 13:06:04,2026-08-15 20:48:40,11190261518547,8幢1单元1001两室,20.920,374.08
2026-08-15 14:45:42,2026-08-15 21:48:10,11190261518547,8幢1单元1001两室,20.840,374.16
2026-08-15 15:42:55,2026-08-15 22:47:41,11190261518547,8幢1单元1001两室,20.760,374.24
2026-08-15 16:15:49,2026-08-15 23:47:11,11190261518547,8幢1单元1001两室,20.680,374.32
2026-08-15 17:43:06,2026-08-16 00:46:42,11190261518547,8幢1单元1001两室,20.570,374.43
2026-08-15 18:17:48,2026-08-16 01:46:12,11190261518547,8幢1单元1001两室,20.500,374.50
2026-08-15 19:42:43,2026-08-16 02:45:43,11190261518547,8幢1单元1001两室,20.430,374.57
2026-08-15 20:13:49,2026-08-16 03:45:13,11190261518547,8幢1单元1001两室,20.340,374.66
2026-08-15 21:42:57,2026-08-16 04:44:44,11190261518547,8幢1单元1001两室,20.260,374.74
2026-08-15 22:13:34,2026-08-16 05:44:14,11190261518547,8幢1单元1001两室,20.180,374.82
2026-08-15 23:41:59,2026-08-16 06:43:45,11190261518547,8幢1单元1001两室,20.090,374.91
2026-08-16 00:53:01,2026-08-16 08:42:45,11190261518547,8幢1单元1001两室,19.930,375.07
2026-08-16 02:17:54,2026-08-16 09:42:16,11190261518547,8幢1单元1001两室,19.850,375.15
2026-08-16 03:25:20,2026-08-16 10:41:46,11190261518547,8幢1单元1001两室,19.770,375.23
2026-08-16 04:06:40,2026-08-16 11:41:17,11190261518547,8幢1单元1001两室,19.690,375.31
2026-08-16 05:29:34,2026-08-16 12:40:47,11190261518547,8幢1单元1001两室,19.600,375.40
2026-08-16 06:28:22,2026-08-16 13:40:18,11190261518547,8幢1单元1001两室,19.530,375.47
2026-08-16 07:09:17,2026-08-16 14:39:48,11190261518547,8幢1单元1001两室,19.450,375.55
2026-08-16 08:20:19,2026-08-16 15:39:19,11190261518547,8幢1单元1001两室,19.370,375.63
2026-08-16 09:20:13,2026-08-16 16:38:49,11190261518547,8幢1单元1001两室,19.300,375.70
2026-08-16 10:15:36,2026-08-16 17:33:42,11190261518547,8幢1单元1001两室,19.240,375.76
2026-08-16 11:13:30,2026-08-16 18:32:52,11190261518547,8幢1单元1001两室,19.160,375.84
2026-08-16 11:42:28,2026-08-16 19:32:23,11190261518547,8幢1单元1001两室,19.090,375.91
2026-08-16 13:07:59,2026-08-16 20:23:50,11190261518547,8幢1单元1001两室,19.030,375.97
2026-08-16 14:15:22,2026-08-16 21:23:21,11190261518547,8幢1单元1001两室,18.960,376.04
2026-08-16 15:14:33,2026-08-16 22:22:51,11190261518547,8幢1单元1001两室,18.880,376.12
2026-08-16 16:15:45,2026-08-16 23:22:22,11190261518547,8幢1单元1001两室,18.810,376.19
2026-08-16 17:13:29,2026-08-17 00:21:52,11190261518547,8幢1单元1001两室,18.740,376.26
2026-08-16 18:17:59,2026-08-17 01:21:23,11190261518547,8幢1单元1001两室,18.650,376.35
2026-08-16 19:15:47,2026-08-17 02:20:53,11190261518547,8幢1单元1001两室,18.570,376.43
2026-08-16 20:13:42,2026-08-17 03:20:23,11190261518547,8幢1单元1001两室,18.490,376.51
2026-08-16 21:13:02,2026-08-17 04:19:54,11190261518547,8幢1单元1001两室,18.070,376.93
2026-08-16 22:12:56,2026-08-17 05:19:24,11190261518547,8幢1单元1001两室,17.860,377.14
2026-08-16 23:13:02,2026-08-17 06:18:55,11190261518547,8幢1单元1001两室,17.790,377.21
2026-08-16 23:41:40,2026-08-17 07:18:25,11190261518547,8幢1单元1001两室,17.710,377.29
2026-08-17 00:51:45,2026-08-17 08:17:56,11190261518547,8幢1单元1001两室,17.640,377.36
2026-08-17 02:15:46,2026-08-17 09:17:26,11190261518547,8幢1单元1001两室,17.570,377.43
2026-08-17 04:10:23,2026-08-17 11:16:27,11190261518547,8幢1单元1001两室,17.430,377.57
2026-08-17 05:05:48,2026-08-17 12:15:58,11190261518547,8幢1单元1001两室,17.360,377.64
2026-08-17 05:58:06,2026-08-17 13:15:28,11190261518547,8幢1单元1001两室,17.280,377.72
2026-08-17 06:55:44,2026-08-17 14:14:59,11190261518547,8幢1单元1001两室,17.210,377.79
2026-08-17 07:47:12,2026-08-17 15:14:29,11190261518547,8幢1单元1001两室,17.140,377.86
2026-08-17 08:34:30,2026-08-17 16:13:59,11190261518547,8幢1单元1001两室,17.070,377.93
2026-08-17 09:33:43,2026-08-17 17:13:30,11190261518547,8幢1单元1001两室,17.000,378.00
2026-08-17 10:55:01,2026-08-17 18:13:00,11190261518547,8幢1单元1001两室,16.920,378.08
2026-08-17 11:48:07,2026-08-17 19:12:31,11190261518547,8幢1单元1001两室,16.810,378.19
2026-08-17 12:29:06,2026-08-17 19:49:06,11190261518547,8幢1单元1001两室,16.740,378.26
2026-08-17 13:21:45,2026-08-17 20:48:36,11190261518547,8幢1单元1001两室,16.630,378.37
2026-08-17 14:32:13,2026-08-17 21:48:07,11190261518547,8幢1单元1001两室,16.520,378.48
2026-08-17 15:18:23,2026-08-17 22:47:37,11190261518547,8幢1单元1001两室,16.400,378.60
2026-08-17 16:19:05,2026-08-17 23:47:08,11190261518547,8幢1单元1001两室,15.760,379.24
2026-08-17 17:19:55,2026-08-18 00:46:38,11190261518547,8幢1单元1001两室,15.680,379.32
2026-08-17 18:27:51,2026-08-18 01:46:08,11190261518547,8幢1单元1001两室,15.590,379.41
2026-08-17 19:07:29,2026-08-18 02:45:39,11190261518547,8幢1单元1001两室,15.120,379.88
2026-08-17 20:17:47,2026-08-18 03:45:09,11190261518547,8幢1单元1001两室,14.980,380.02
2026-08-17 21:18:38,2026-08-18 04:44:40,11190261518547,8幢1单元1001两室,14.890,380.11
2026-08-17 22:16:27,2026-08-18 05:44:10,11190261518547,8幢1单元1001两室,14.820,380.18
2026-08-17 23:16:02,2026-08-18 06:43:41,11190261518547,8幢1单元1001两室,14.740,380.26
2026-08-17 23:44:04,2026-08-18 07:43:11,11190261518547,8幢1单元1001两室,14.670,380.33
2026-08-18 00:49:14,2026-08-18 08:37:44,11190261518547,8幢1单元1001两室,14.600,380.40
2026-08-18 02:11:27,2026-08-18 09:37:15,11190261518547,8幢1单元1001两室,14.530,380.47
2026-08-18 03:15:39,2026-08-18 10:36:45,11190261518547,8幢1单元1001两室,14.450,380.55
2026-08-18 04:04:48,2026-08-18 11:36:16,11190261518547,8幢1单元1001两室,14.380,380.62
2026-08-18 05:00:28,2026-08-18 12:35:46,11190261518547,8幢1单元1001两室,14.310,380.69
2026-08-18 05:52:46,2026-08-18 13:35:17,11190261518547,8幢1单元1001两室,14.130,380.87
2026-08-18 06:30:41,2026-08-18 14:29:50,11190261518547,8幢1单元1001两室,14.060,380.94
2026-08-18 08:27:00,2026-08-18 15:29:20,11190261518547,8幢1单元1001两室,13.980,381.02
2026-08-18 09:02:46,2026-08-18 16:28:51,11190261518547,8幢1单元1001两室,13.910,381.09
2026-08-18 10:23:27,2026-08-18 17:28:21,11190261518547,8幢1单元1001两室,13.830,381.17
2026-08-18 11:18:26,2026-08-18 18:27:51,11190261518547,8幢1单元1001两室,13.760,381.24
2026-08-18 11:48:52,2026-08-18 19:27:22,11190261518547,8幢1单元1001两室,13.690,381.31
2026-08-18 12:31:09,2026-08-18 20:23:46,11190261518547,8幢1单元1001两室,13.620,381.38
2026-08-18 13:36:49,2026-08-18 21:23:17,11190261518547,8幢1单元1001两室,13.540,381.46
2026-08-18 15:00:30,2026-08-18 22:22:47,11190261518547,8幢1单元1001两室,13.460,381.54
2026-08-18 15:55:01,2026-08-18 23:22:18,11190261518547,8幢1单元1001两室,13.340,381.66
2026-08-18 16:56:47,2026-08-19 00:21:48,11190261518547,8幢1单元1001两室,13.220,381.78
2026-08-18 17:51:31,2026-08-19 01:21:19,11190261518547,8幢1单元1001两室,12.940,382.06
2026-08-18 19:06:23,2026-08-19 02:20:49,11190261518547,8幢1单元1001两室,12.860,382.14
2026-08-18 20:15:22,2026-08-19 03:20:20,11190261518547,8幢1单元1001两室,12.780,382.22
2026-08-18 21:16:36,2026-08-19 04:19:50,11190261518547,8幢1单元1001两室,12.700,382.30
2026-08-18 22:14:55,2026-08-19 05:19:21,11190261518547,8幢1单元1001两室,12.630,382.37
2026-08-18 23:14:55,2026-08-19 06:18:51,11190261518547,8幢1单元1001两室,12.560,382.44
2026-08-18 23:44:11,2026-08-19 07:18:22,11190261518547,8幢1单元1001两室,12.480,382.52
2026-08-19 00:50:00,2026-08-19 08:17:52,11190261518547,8幢1单元1001两室,12.410,382.59
2026-08-19 02:14:51,2026-08-19 10:11:56,11190261518547,8幢1单元1001两室,11.670,383.33
2026-08-19 04:05:29,2026-08-19 11:11:26,11190261518547,8幢1单元1001两室,11.560,383.44
2026-08-19 05:00:27,2026-08-19 12:10:57,11190261518547,8幢1单元1001两室,11.450,383.55
2026-08-19 05:53:34,2026-08-19 13:10:27,11190261518547,8幢1单元1001两室,11.340,383.66
2026-08-19 06:31:24,2026-08-19 14:09:57,11190261518547,8幢1单元1001两室,11.220,383.78
2026-08-19 07:32:16,2026-08-19 15:09:28,11190261518547,8幢1单元1001两室,10.590,384.41
2026-08-19 09:04:08,2026-08-19 16:08:58,11190261518547,8幢1单元1001两室,10.500,384.50
2026-08-19 09:56:49,2026-08-19 17:08:29,11190261518547,8幢1单元1001两室,10.430,384.57
2026-08-19 10:53:37,2026-08-19 18:07:59,11190261518547,8幢1单元1001两室,10.350,384.65
2026-08-19 11:48:12,2026-08-19 19:07:30,11190261518547,8幢1单元1001两室,10.280,384.72
2026-08-19 12:31:02,2026-08-19 19:49:02,11190261518547,8幢1单元1001两室,10.230,384.77
2026-08-19 13:38:05,2026-08-19 20:48:32,11190261518547,8幢1单元1001两室,10.150,384.85
2026-08-19 14:25:17,2026-08-19 21:48:03,11190261518547,8幢1单元1001两室,10.080,384.92
2026-08-19 15:00:25,2026-08-19 22:47:33,11190261518547,8幢1单元1001两室,10.000,385.00
2026-08-19 16:22:42,2026-08-19 23:47:04,11190261518547,8幢1单元1001两室,9.930,385.07
2026-08-19 17:20:30,2026-08-20 00:46:34,11190261518547,8幢1单元1001两室,9.860,385.14
2026-08-19 18:23:08,2026-08-20 01:46:05,11190261518547,8幢1单元1001两室,9.610,385.39
2026-08-19 19:01:21,2026-08-20 02:40:38,11190261518547,8幢1单元1001两室,8.950,386.05
2026-08-19 20:18:31,2026-08-20 03:40:08,11190261518547,8幢1单元1001两室,8.420,386.58
2026-08-19 21:18:47,2026-08-20 04:39:39,11190261518547,8幢1单元1001两室,8.300,386.70
2026-08-19 22:17:16,2026-08-20 05:39:09,11190261518547,8幢1单元1001两室,7.710,387.29
2026-08-19 23:16:23,2026-08-20 06:38:39,11190261518547,8幢1单元1001两室,7.540,387.46
2026-08-19 23:44:32,2026-08-20 07:38:10,11190261518547,8幢1单元1001两室,7.460,387.54
2026-08-20 00:49:45,2026-08-20 08:32:43,11190261518547,8幢1单元1001两室,7.390,387.61
2026-08-20 02:13:01,2026-08-20 09:32:13,11190261518547,8幢1单元1001两室,7.320,387.68
2026-08-20 03:22:59,2026-08-20 10:31:44,11190261518547,8幢1单元1001两室,7.240,387.76
2026-08-20 04:05:54,2026-08-20 11:31:14,11190261518547,8幢1单元1001两室,6.940,388.06
2026-08-20 05:02:30,2026-08-20 12:30:45,11190261518547,8幢1单元1001两室,6.180,388.82
2026-08-20 05:54:12,2026-08-20 13:30:15,11190261518547,8幢1单元1001两室,6.100,388.90
2026-08-20 06:33:17,2026-08-20 14:29:46,11190261518547,8幢1单元1001两室,6.030,388.97
2026-08-20 07:34:48,2026-08-20 15:29:16,11190261518547,8幢1单元1001两室,5.950,389.05
2026-08-20 09:06:18,2026-08-20 16:28:47,11190261518547,8幢1单元1001两室,5.880,389.12
2026-08-20 09:58:41,2026-08-20 17:28:17,11190261518547,8幢1单元1001两室,5.810,389.19
2026-08-20 11:19:48,2026-08-20 18:27:48,11190261518547,8幢1单元1001两室,5.730,389.27
2026-08-20 11:50:55,2026-08-20 19:48:59,11190261518547,8幢1单元1001两室,5.630,389.37
2026-08-20 12:33:06,2026-08-20 20:26:49,11190261518547,8幢1单元1001两室,5.590,389.41
2026-08-20 13:40:11,2026-08-20 21:26:19,11190261518547,8幢1单元1001两室,5.510,389.49
2026-08-20 15:05:18,2026-08-20 22:25:50,11190261518547,8幢1单元1001两室,5.440,389.56
2026-08-20 15:57:14,2026-08-20 23:25:20,11190261518547,8幢1单元1001两室,5.370,389.63
2026-08-20 17:21:32,2026-08-21 00:24:51,11190261518547,8幢1单元1001两室,5.280,389.72
2026-08-20 17:54:19,2026-08-21 01:24:21,11190261518547,8幢1单元1001两室,4.700,390.30
2026-08-20 19:10:20,2026-08-21 02:23:51,11190261518547,8幢1单元1001两室,4.620,390.38
2026-08-20 20:19:55,2026-08-21 03:23:22,11190261518547,8幢1单元1001两室,4.540,390.46
2026-08-20 21:20:46,2026-08-21 04:22:52,11190261518547,8幢1单元1001两室,4.470,390.53
2026-08-20 22:19:40,2026-08-21 05:22:23,11190261518547,8幢1单元1001两室,4.390,390.61
2026-08-20 23:18:54,2026-08-21 06:21:53,11190261518547,8幢1单元1001两室,4.320,390.68
2026-08-20 23:48:12,2026-08-21 07:21:24,11190261518547,8幢1单元1001两室,3.750,391.25
2026-08-21 00:53:52,2026-08-21 08:20:54,11190261518547,8幢1单元1001两室,3.680,391.32
2026-08-21 02:20:03,2026-08-21 10:19:55,11190261518547,8幢1单元1001两室,3.530,391.47
2026-08-21 04:09:34,2026-08-21 11:19:26,11190261518547,8幢1单元1001两室,3.460,391.54
2026-08-21 05:02:29,2026-08-21 12:18:56,11190261518547,8幢1单元1001两室,3.380,391.62
2026-08-21 05:55:50,2026-08-21 13:18:27,11190261518547,8幢1单元1001两室,3.280,391.72
2026-08-21 06:36:04,2026-08-21 14:17:57,11190261518547,8幢1单元1001两室,3.200,391.80
2026-08-21 07:36:31,2026-08-21 15:17:28,11190261518547,8幢1单元1001两室,3.120,391.88
2026-08-21 08:31:37,2026-08-21 16:16:58,11190261518547,8幢1单元1001两室,2.990,392.01
2026-08-21 10:01:04,2026-08-21 17:16:29,11190261518547,8幢1单元1001两室,2.040,392.96
2026-08-21 10:55:35,2026-08-21 18:15:59,11190261518547,8幢1单元1001两室,1.970,393.03
2026-08-21 11:19:34,2026-08-21 19:15:30,11190261518547,8幢1单元1001两室,1.890,393.11
2026-08-21 11:49:53,2026-08-21 19:48:57,11190261518547,8幢1单元1001两室,1.850,393.15
2026-08-21 12:31:58,2026-08-21 20:15:00,11190261518547,8幢1单元1001两室,1.810,393.19
2026-08-21 13:39:15,2026-08-21 21:14:30,11190261518547,8幢1单元1001两室,1.740,393.26
2026-08-21 15:03:13,2026-08-21 22:14:01,11190261518547,8幢1单元1001两室,1.660,393.34
2026-08-21 15:56:46,2026-08-21 23:13:31,11190261518547,8幢1单元1001两室,1.580,393.42
2026-08-21 17:02:01,2026-08-22 00:13:02,11190261518547,8幢1单元1001两室,1.510,393.49
2026-08-21 17:54:08,2026-08-22 01:12:32,11190261518547,8幢1单元1001两室,1.430,393.57
2026-08-21 19:05:34,2026-08-22 02:12:03,11190261518547,8幢1单元1001两室,1.360,393.64
2026-08-21 19:45:43,2026-08-22 03:11:33,11190261518547,8幢1单元1001两室,1.280,393.72
2026-08-21 20:47:22,2026-08-22 04:11:04,11190261518547,8幢1单元1001两室,1.200,393.80
2026-08-21 21:46:31,2026-08-22 05:10:34,11190261518547,8幢1单元1001两室,1.120,393.88
2026-08-21 22:48:20,2026-08-22 06:10:05,11190261518547,8幢1单元1001两室,1.050,393.95
2026-08-21 23:46:04,2026-08-22 07:09:35,11190261518547,8幢1单元1001两室,0.970,394.03
2026-08-22 00:50:06,2026-08-22 08:09:06,11190261518547,8幢1单元1001两室,0.900,394.10
2026-08-22 02:12:01,2026-08-22 10:08:07,11190261518547,8幢1单元1001两室,0.750,394.25
2026-08-22 04:03:22,2026-08-22 11:07:37,11190261518547,8幢1单元1001两室,0.680,394.32
2026-08-22 04:58:19,2026-08-22 12:07:08,11190261518547,8幢1单元1001两室,0.600,394.40
2026-08-22 05:53:45,2026-08-22 13:06:38,11190261518547,8幢1单元1001两室,0.530,394.47
2026-08-22 06:27:15,2026-08-22 14:06:09,11190261518547,8幢1单元1001两室,0.460,394.54
2026-08-22 07:52:47,2026-08-22 15:05:39,11190261518547,8幢1单元1001两室,0.380,394.62
2026-08-22 08:55:12,2026-08-22 16:05:10,11190261518547,8幢1单元1001两室,0.310,394.69
2026-08-22 09:19:49,2026-08-22 17:04:40,11190261518547,8幢1单元1001两室,0.230,394.77
2026-08-22 09:49:34,2026-08-22 17:37:55,11190261518547,8幢1单元1001两室,25.000,395.00
2026-08-22 10:47:09,2026-08-22 18:04:11,11190261518547,8幢1单元1001两室,24.990,395.01
2026-08-22 11:42:59,2026-08-22 19:03:41,11190261518547,8幢1单元1001两室,24.940,395.06
2026-08-22 12:23:32,2026-08-22 20:03:12,11190261518547,8幢1单元1001两室,24.860,395.14
2026-08-22 13:50:06,2026-08-22 21:02:42,11190261518547,8幢1单元1001两室,24.780,395.22
2026-08-22 14:45:19,2026-08-22 22:02:12,11190261518547,8幢1单元1001两室,24.710,395.29
2026-08-22 15:43:37,2026-08-22 23:01:43,11190261518547,8幢1单元1001两室,24.630,395.37
2026-08-22 16:47:28,2026-08-23 00:01:14,11190261518547,8幢1单元1001两室,24.530,395.47
2026-08-22 17:43:28,2026-08-23 01:00:44,11190261518547,8幢1单元1001两室,23.940,396.06
2026-08-22 18:18:41,2026-08-23 01:55:17,11190261518547,8幢1单元1001两室,23.870,396.13
2026-08-22 19:43:48,2026-08-23 02:44:52,11190261518547,8幢1单元1001两室,23.810,396.19
2026-08-22 20:14:25,2026-08-23 03:44:23,11190261518547,8幢1单元1001两室,23.730,396.27
2026-08-22 21:14:36,2026-08-23 04:43:53,11190261518547,8幢1单元1001两室,23.660,396.34
2026-08-22 22:14:10,2026-08-23 05:43:24,11190261518547,8幢1单元1001两室,23.580,396.42
2026-08-22 23:13:34,2026-08-23 06:42:54,11190261518547,8幢1单元1001两室,23.510,396.49
2026-08-22 23:42:51,2026-08-23 07:42:25,11190261518547,8幢1单元1001两室,23.440,396.56
2026-08-23 00:54:21,2026-08-23 08:41:55,11190261518547,8幢1单元1001两室,23.360,396.64
2026-08-23 02:20:41,2026-08-23 09:41:26,11190261518547,8幢1单元1001两室,23.280,396.72
2026-08-23 03:28:04,2026-08-23 10:40:56,11190261518547,8幢1单元1001两室,23.210,396.79
2026-08-23 04:08:55,2026-08-23 11:40:27,11190261518547,8幢1单元1001两室,23.140,396.86
2026-08-23 05:34:14,2026-08-23 12:39:57,11190261518547,8幢1单元1001两室,23.070,396.93
2026-08-23 06:28:23,2026-08-23 13:39:27,11190261518547,8幢1单元1001两室,22.990,397.01
2026-08-23 07:10:52,2026-08-23 14:38:58,11190261518547,8幢1单元1001两室,22.920,397.08
2026-08-23 08:20:54,2026-08-23 15:38:28,11190261518547,8幢1单元1001两室,22.850,397.15
2026-08-23 09:22:19,2026-08-23 16:37:59,11190261518547,8幢1单元1001两室,22.780,397.22
2026-08-23 10:15:52,2026-08-23 17:37:29,11190261518547,8幢1单元1001两室,22.700,397.30
2026-08-23 11:14:43,2026-08-23 18:37:00,11190261518547,8幢1单元1001两室,22.630,397.37
2026-08-23 11:43:44,2026-08-23 19:36:30,11190261518547,8幢1单元1001两室,22.560,397.44
2026-08-23 12:24:12,2026-08-23 19:48:54,11190261518547,8幢1单元1001两室,22.540,397.46
2026-08-23 13:09:23,2026-08-23 20:36:01,11190261518547,8幢1单元1001两室,22.480,397.52
2026-08-23 14:16:07,2026-08-23 21:35:31,11190261518547,8幢1单元1001两室,21.830,398.17
2026-08-23 15:14:38,2026-08-23 22:35:02,11190261518547,8幢1单元1001两室,21.750,398.25
2026-08-23 16:16:34,2026-08-23 23:34:32,11190261518547,8幢1单元1001两室,20.780,399.22
2026-08-23 17:14:15,2026-08-24 00:34:03,11190261518547,8幢1单元1001两室,20.710,399.29
2026-08-23 18:18:38,2026-08-24 01:28:36,11190261518547,8幢1单元1001两室,20.630,399.37
2026-08-23 19:17:28,2026-08-24 02:28:06,11190261518547,8幢1单元1001两室,20.320,399.68
2026-08-23 20:13:59,2026-08-24 03:27:37,11190261518547,8幢1单元1001两室,20.240,399.76
2026-08-23 21:14:11,2026-08-24 04:27:07,11190261518547,8幢1单元1001两室,20.170,399.83
2026-08-23 22:13:54,2026-08-24 05:26:38,11190261518547,8幢1单元1001两室,20.100,399.90
2026-08-23 23:13:34,2026-08-24 06:26:08,11190261518547,8幢1单元1001两室,20.020,399.98
2026-08-23 23:43:27,2026-08-24 07:25:39,11190261518547,8幢1单元1001两室,19.950,400.05
2026-08-24 00:52:16,2026-08-24 08:25:09,11190261518547,8幢1单元1001两室,19.840,400.16
2026-08-24 02:19:11,2026-08-24 09:24:39,11190261518547,8幢1单元1001两室,19.770,400.23
2026-08-24 04:22:19,2026-08-24 11:23:40,11190261518547,8幢1单元1001两室,19.620,400.38
2026-08-24 05:09:22,2026-08-24 12:23:11,11190261518547,8幢1单元1001两室,19.550,400.45
2026-08-24 06:01:20,2026-08-24 13:22:41,11190261518547,8幢1单元1001两室,19.480,400.52
2026-08-24 07:35:11,2026-08-24 15:21:42,11190261518547,8幢1单元1001两室,18.770,401.23
2026-08-24 08:39:15,2026-08-24 16:21:13,11190261518547,8幢1单元1001两室,18.700,401.30
2026-08-24 09:39:09,2026-08-24 17:20:43,11190261518547,8幢1单元1001两室,18.620,401.38
2026-08-24 10:30:45,2026-08-24 18:20:14,11190261518547,8幢1单元1001两室,18.550,401.45
2026-08-24 11:19:53,2026-08-24 19:19:44,11190261518547,8幢1单元1001两室,18.480,401.52
2026-08-24 11:51:13,2026-08-24 19:48:52,11190261518547,8幢1单元1001两室,18.440,401.56
2026-08-24 12:33:51,2026-08-24 20:28:33,11190261518547,8幢1单元1001两室,18.390,401.61
2026-08-24 13:43:55,2026-08-24 21:28:03,11190261518547,8幢1单元1001两室,18.320,401.68
2026-08-24 14:34:12,2026-08-24 22:27:34,11190261518547,8幢1单元1001两室,18.180,401.82
2026-08-24 15:32:13,2026-08-24 23:27:04,11190261518547,8幢1单元1001两室,18.030,401.97
2026-08-24 17:04:44,2026-08-25 00:26:35,11190261518547,8幢1单元1001两室,17.890,402.11
2026-08-24 17:55:50,2026-08-25 01:26:05,11190261518547,8幢1单元1001两室,17.810,402.19
2026-08-24 19:23:08,2026-08-25 02:25:36,11190261518547,8幢1单元1001两室,17.720,402.28
2026-08-24 20:21:27,2026-08-25 03:25:06,11190261518547,8幢1单元1001两室,17.640,402.36
2026-08-24 20:56:41,2026-08-25 04:24:37,11190261518547,8幢1单元1001两室,17.570,402.43
2026-08-24 22:18:22,2026-08-25 05:24:07,11190261518547,8幢1单元1001两室,17.500,402.50
2026-08-24 23:16:30,2026-08-25 06:23:37,11190261518547,8幢1单元1001两室,17.420,402.58
2026-08-24 23:44:14,2026-08-25 07:23:08,11190261518547,8幢1单元1001两室,17.350,402.65
2026-08-25 00:52:22,2026-08-25 08:22:38,11190261518547,8幢1单元1001两室,17.280,402.72
2026-08-25 02:14:33,2026-08-25 09:22:09,11190261518547,8幢1单元1001两室,17.200,402.80
2026-08-25 04:06:57,2026-08-25 11:21:10,11190261518547,8幢1单元1001两室,17.060,402.94
2026-08-25 05:02:22,2026-08-25 12:20:40,11190261518547,8幢1单元1001两室,16.990,403.01
2026-08-25 05:56:00,2026-08-25 13:20:11,11190261518547,8幢1单元1001两室,16.910,403.09
2026-08-25 06:37:31,2026-08-25 14:19:41,11190261518547,8幢1单元1001两室,16.830,403.17
2026-08-25 07:37:52,2026-08-25 15:19:12,11190261518547,8幢1单元1001两室,16.750,403.25
2026-08-25 08:33:29,2026-08-25 16:18:42,11190261518547,8幢1单元1001两室,16.680,403.32
2026-08-25 10:00:35,2026-08-25 17:18:13,11190261518547,8幢1单元1001两室,16.610,403.39
2026-08-25 10:57:40,2026-08-25 18:17:43,11190261518547,8幢1单元1001两室,16.530,403.47
2026-08-25 11:26:28,2026-08-25 19:17:14,11190261518547,8幢1单元1001两室,16.460,403.54
2026-08-25 11:53:34,2026-08-25 19:48:50,11190261518547,8幢1单元1001两室,16.420,403.58
2026-08-25 12:33:47,2026-08-25 20:13:38,11190261518547,8幢1单元1001两室,16.390,403.61
2026-08-25 13:42:38,2026-08-25 21:13:09,11190261518547,8幢1单元1001两室,16.320,403.68
2026-08-25 14:37:20,2026-08-25 22:12:39,11190261518547,8幢1单元1001两室,16.240,403.76
2026-08-25 15:35:29,2026-08-25 23:12:09,11190261518547,8幢1单元1001两室,16.170,403.83
2026-08-25 17:05:06,2026-08-26 00:11:40,11190261518547,8幢1单元1001两室,16.100,403.90
2026-08-25 17:53:28,2026-08-26 01:11:10,11190261518547,8幢1单元1001两室,16.020,403.98
2026-08-25 19:08:51,2026-08-26 02:10:41,11190261518547,8幢1单元1001两室,15.950,404.05
2026-08-25 19:53:30,2026-08-26 03:10:11,11190261518547,8幢1单元1001两室,15.880,404.12
2026-08-25 20:53:23,2026-08-26 04:09:42,11190261518547,8幢1单元1001两室,15.800,404.20
2026-08-25 21:50:59,2026-08-26 05:09:12,11190261518547,8幢1单元1001两室,15.730,404.27
2026-08-25 22:52:55,2026-08-26 06:08:43,11190261518547,8幢1单元1001两室,15.660,404.34
2026-08-25 23:46:44,2026-08-26 07:08:13,11190261518547,8幢1单元1001两室,15.580,404.42
2026-08-26 00:52:56,2026-08-26 08:07:44,11190261518547,8幢1单元1001两室,15.510,404.49
2026-08-26 02:21:23,2026-08-26 10:06:45,11190261518547,8幢1单元1001两室,15.370,404.63
2026-08-26 03:31:23,2026-08-26 11:06:15,11190261518547,8幢1单元1001两室,15.290,404.71
2026-08-26 04:32:36,2026-08-26 12:05:46,11190261518547,8幢1单元1001两室,15.220,404.78
2026-08-26 05:59:25,2026-08-26 13:05:16,11190261518547,8幢1单元1001两室,15.150,404.85
2026-08-26 06:55:55,2026-08-26 14:04:47,11190261518547,8幢1单元1001两室,15.070,404.93
2026-08-26 07:41:01,2026-08-26 15:04:17,11190261518547,8幢1单元1001两室,15.000,405.00
2026-08-26 08:34:31,2026-08-26 16:03:48,11190261518547,8幢1单元1001两室,14.920,405.08
2026-08-26 09:33:38,2026-08-26 17:03:18,11190261518547,8幢1单元1001两室,14.850,405.15
2026-08-26 11:01:03,2026-08-26 18:02:49,11190261518547,8幢1单元1001两室,14.770,405.23
2026-08-26 11:53:56,2026-08-26 19:48:48,11190261518547,8幢1单元1001两室,14.640,405.36
2026-08-26 12:37:03,2026-08-26 20:01:50,11190261518547,8幢1单元1001两室,14.620,405.38
2026-08-26 13:48:36,2026-08-26 21:01:20,11190261518547,8幢1单元1001两室,14.550,405.45
2026-08-26 14:37:23,2026-08-26 22:00:50,11190261518547,8幢1单元1001两室,14.480,405.52
2026-08-26 16:11:51,2026-08-26 23:59:51,11190261518547,8幢1单元1001两室,14.320,405.68
2026-08-26 18:12:33,2026-08-27 01:58:52,11190261518547,8幢1单元1001两室,14.120,405.88
2026-08-26 20:25:59,2026-08-27 03:57:53,11190261518547,8幢1单元1001两室,12.670,407.33
2026-08-26 23:55:11,2026-08-27 06:56:25,11190261518547,8幢1单元1001两室,12.430,407.57
2026-08-27 06:33:06,2026-08-27 13:52:58,11190261518547,8幢1单元1001两室,11.890,408.11
2026-08-27 17:25:47,2026-08-27 16:51:30,11190261518547,8幢1单元1001两室,11.670,408.33
2026-08-27 18:00:44,2026-08-28 01:16:04,11190261518547,8幢1单元1001两室,11.030,408.97
2026-08-28 02:14:17,2026-08-28 10:06:41,11190261518547,8幢1单元1001两室,10.340,409.66
2026-08-28 10:13:05,2026-08-28 18:02:45,11190261518547,8幢1单元1001两室,9.730,410.27
2026-08-28 14:27:34,2026-08-28 22:00:47,11190261518547,8幢1单元1001两室,9.430,410.57
2026-08-28 23:37:07,2026-08-29 06:56:21,11190261518547,8幢1单元1001两室,8.770,411.23
2026-08-29 05:04:23,2026-08-29 12:53:24,11190261518547,8幢1单元1001两室,8.310,411.69
2026-08-29 11:43:13,2026-08-29 18:50:27,11190261518547,8幢1单元1001两室,8.040,411.96
2026-08-29 16:00:41,2026-08-29 23:43:02,11190261518547,8幢1单元1001两室,7.360,412.64
2026-08-29 19:26:51,2026-08-30 02:41:33,11190261518547,8幢1单元1001两室,7.220,412.78
2026-08-29 21:51:54,2026-08-30 05:40:04,11190261518547,8幢1单元1001两室,7.080,412.92
2026-08-29 23:47:54,2026-08-30 07:39:05,11190261518547,8幢1单元1001两室,6.990,413.01
2026-08-30 02:54:28,2026-08-30 10:37:37,11190261518547,8幢1单元1001两室,6.870,413.13
2026-08-30 08:48:27,2026-08-30 16:39:37,11190261518547,8幢1单元1001两室,6.610,413.39
2026-08-30 14:12:12,2026-08-30 21:37:10,11190261518547,8幢1单元1001两室,6.380,413.62
2026-08-30 18:07:36,2026-08-31 01:35:11,11190261518547,8幢1单元1001两室,6.190,413.81
2026-08-30 21:19:06,2026-08-31 04:28:45,11190261518547,8幢1单元1001两室,6.040,413.96
2026-08-30 23:39:34,2026-08-31 07:27:17,11190261518547,8幢1单元1001两室,5.920,414.08
2026-08-31 02:47:35,2026-08-31 10:25:48,11190261518547,8幢1单元1001两室,5.790,414.21
2026-08-31 09:10:22,2026-08-31 16:22:51,11190261518547,8幢1单元1001两室,5.550,414.45
2026-08-31 17:09:20,2026-09-01 00:18:55,11190261518547,8幢1单元1001两室,5.220,414.78
2026-08-31 21:58:22,2026-09-01 05:16:27,11190261518547,8幢1单元1001两室,4.050,415.95
2026-09-01 01:02:14,2026-09-01 08:14:59,11190261518547,8幢1单元1001两室,3.900,416.10
2026-09-01 06:25:39,2026-09-01 14:12:02,11190261518547,8幢1单元1001两室,3.640,416.36
2026-09-01 11:52:43,2026-09-01 19:48:37,11190261518547,8幢1单元1001两室,3.420,416.58
2026-09-01 15:52:25,2026-09-01 23:07:36,11190261518547,8幢1单元1001两室,3.230,416.77
2026-09-01 19:06:11,2026-09-02 03:05:38,11190261518547,8幢1单元1001两室,3.060,416.94
2026-09-01 21:52:52,2026-09-02 05:04:39,11190261518547,8幢1单元1001两室,2.880,417.12
2026-09-01 23:42:46,2026-09-02 07:03:40,11190261518547,8幢1单元1001两室,2.800,417.20
2026-09-02 02:18:11,2026-09-02 10:02:11,11190261518547,8幢1单元1001两室,2.680,417.32
2026-09-02 07:12:59,2026-09-02 14:59:43,11190261518547,8幢1单元1001两室,2.420,417.58
2026-09-02 12:11:50,2026-09-02 19:48:35,11190261518547,8幢1单元1001两室,2.210,417.79
2026-09-02 16:44:33,2026-09-03 00:41:10,11190261518547,8幢1单元1001两室,1.940,418.06
2026-09-02 19:34:51,2026-09-03 02:40:11,11190261518547,8幢1单元1001两室,1.860,418.14
2026-09-02 22:13:46,2026-09-03 05:42:30,11190261518547,8幢1单元1001两室,26.710,418.29
2026-09-03 00:25:56,2026-09-03 07:37:43,11190261518547,8幢1单元1001两室,26.430,418.57
2026-09-03 04:50:19,2026-09-03 12:35:16,11190261518547,8幢1单元1001两室,24.560,420.44
2026-09-03 09:21:24,2026-09-03 16:33:18,11190261518547,8幢1单元1001两室,24.060,420.94
2026-09-03 13:42:47,2026-09-03 21:02:56,11190261518547,8幢1单元1001两室,23.860,421.14
2026-09-03 17:25:09,2026-09-04 01:00:58,11190261518547,8幢1单元1001两室,23.700,421.30
2026-09-03 19:59:38,2026-09-04 03:54:32,11190261518547,8幢1单元1001两室,23.590,421.41
2026-09-03 22:26:28,2026-09-04 05:53:33,11190261518547,8幢1单元1001两室,23.500,421.50
2026-09-04 00:14:49,2026-09-04 07:52:34,11190261518547,8幢1单元1001两室,23.410,421.59
2026-09-04 04:51:12,2026-09-04 12:50:06,11190261518547,8幢1单元1001两室,23.220,421.78
2026-09-04 09:14:27,2026-09-04 16:48:08,11190261518547,8幢1单元1001两室,23.060,421.94
2026-09-04 13:39:01,2026-09-04 20:46:10,11190261518547,8幢1单元1001两室,22.910,422.09
2026-09-04 17:18:38,2026-09-05 00:44:12,11190261518547,8幢1单元1001两室,22.720,422.28
2026-09-04 19:44:48,2026-09-05 03:42:44,11190261518547,8幢1单元1001两室,22.590,422.41
2026-09-04 21:59:28,2026-09-05 05:41:44,11190261518547,8幢1单元1001两室,22.500,422.50
2026-09-04 23:50:09,2026-09-05 07:40:45,11190261518547,8幢1单元1001两室,22.420,422.58
2026-09-05 02:21:25,2026-09-05 09:39:46,11190261518547,8幢1单元1001两室,22.340,422.66
2026-09-05 07:01:44,2026-09-05 14:37:19,11190261518547,8幢1单元1001两室,22.150,422.85
2026-09-05 11:20:10,2026-09-05 18:35:21,11190261518547,8幢1单元1001两室,21.470,423.53
2026-09-05 13:56:50,2026-09-05 21:27:40,11190261518547,8幢1单元1001两室,21.360,423.64
